Country Name,Country Code,1980,1981,1982,1983,1984,1985,1986,1987,1988,1989,1990,1991,1992,1993,1994,1995,1996,1997,1998,1999,2000,2001,2002,2003,2004,2005,2006,2007,2008,2009,2010,2011,2012,2013,2014,2015,2016,2017,2018,2019,2020,2021,2022
Angola,AGO,5930503401.0,5550483036.0,5550483036.0,5784341596.0,6131475065.0,7554065410.0,7072536109.0,8084412414.0,8769836769.0,10201780977.0,11229515599.0,10603784541.0,8307810974.0,5768720422.0,4438321017.0,5538749260.0,7526421519.0,7648380196.0,6506221616.0,6152923310.0,9129594970.0,8936079118.0,15285592370.0,17812704586.0,23552057679.0,36970900884.0,52381025141.0,65266415494.0,88538665085.0,70307196182.0,83799474070.0,112000000000.0,128000000000.0,132000000000.0,136000000000.0,90496420507.0,52761617226.0,73690154991.0,79450688259.0,70897962732.0,48501561204.0,66505129988.0,104000000000.0
Albania,ALB,1578102105.0,1808177156.0,1861163170.0,1881412587.0,1857337995.0,1897050117.0,2097326250.0,2080796250.0,2051236250.0,2253090000.0,2028553750.0,1099559028.0,652174990.8,1185315468.0,1880950864.0,2905092799.0,3234486232.0,2293666030.0,2600356999.0,3283941510.0,3584570165.0,4059064033.0,4515003117.0,5801712040.0,7406645793.0,8256658250.0,9150528132.0,11116937870.0,13258506375.0,12335540656.0,12086545641.0,12973755875.0,12246499748.0,12796985886.0,13296322588.0,11470171827.0,11988668785.0,13258268436.0,15379508330.0,15585111614.0,15241455556.0,18032009220.0,19017244117.0
Andorra,AND,446377776.8,388983266.2,375914743.6,327850042.5,330073080.6,346742714.7,481996012.9,611299924.5,721425939.2,795489582.0,1028989692.0,1106891362.0,1209992020.0,1007090270.0,1017544069.0,1178745283.0,1224024139.0,1180645572.0,1211953994.0,1240295103.0,1432606189.0,1548265808.0,1764279824.0,2366941809.0,2900245324.0,3161084091.0,3459337987.0,3957625367.0,4102319399.0,3688976341.0,3449925739.0,3629133574.0,3188652765.0,3193512950.0,3271685597.0,2789881259.0,2896610480.0,3000162081.0,3218419897.0,3155149348.0,2891001149.0,3324647529.0,3380612573.0
United Arab Emirates,ARE,43599160050.0,49333424135.0,46622718605.0,42803323345.0,41807954236.0,40603650232.0,33943612095.0,36384908744.0,36275674203.0,41464995914.0,50701443748.0,51552165622.0,54239171888.0,55625170253.0,59305093980.0,65743666576.0,73571233996.0,78839008445.0,75674336283.0,84445473111.0,104000000000.0,103000000000.0,110000000000.0,124000000000.0,148000000000.0,181000000000.0,222000000000.0,258000000000.0,315000000000.0,254000000000.0,300000000000.0,361000000000.0,385000000000.0,400000000000.0,414000000000.0,370000000000.0,369000000000.0,391000000000.0,427000000000.0,418000000000.0,349000000000.0,415000000000.0,503000000000.0
Argentina,ARG,76961923741.0,78676842367.0,84307486837.0,104000000000.0,117000000000.0,88150891728.0,106000000000.0,109000000000.0,127000000000.0,76629728760.0,141000000000.0,190000000000.0,229000000000.0,237000000000.0,257000000000.0,258000000000.0,272000000000.0,293000000000.0,299000000000.0,284000000000.0,284000000000.0,269000000000.0,97724004252.0,128000000000.0,165000000000.0,199000000000.0,233000000000.0,288000000000.0,362000000000.0,333000000000.0,424000000000.0,530000000000.0,546000000000.0,552000000000.0,526000000000.0,595000000000.0,558000000000.0,644000000000.0,525000000000.0,448000000000.0,386000000000.0,487000000000.0,633000000000.0
Antigua and Barbuda,ATG,132451851.9,149388888.9,166444444.4,184866666.7,212214814.8,246370370.4,297562963.0,346866666.7,411396296.3,455174074.1,478718518.5,504337037.0,525133333.3,565662963.0,625081481.5,616051851.9,679140740.7,734422222.2,789788888.9,835544444.4,901003703.7,877774074.1,898092592.6,948100000.0,1026329630.0,1143896296.0,1303674074.0,1487381481.0,1557640741.0,1386518519.0,1298348148.0,1287359259.0,1364729630.0,1325496296.0,1378707407.0,1437485185.0,1489603704.0,1534855556.0,1661529630.0,1726448148.0,1411637037.0,1602125926.0,1866566667.0
Australia,AUS,150000000000.0,177000000000.0,194000000000.0,177000000000.0,194000000000.0,181000000000.0,182000000000.0,189000000000.0,236000000000.0,300000000000.0,311000000000.0,326000000000.0,326000000000.0,312000000000.0,323000000000.0,368000000000.0,401000000000.0,436000000000.0,400000000000.0,390000000000.0,416000000000.0,380000000000.0,396000000000.0,468000000000.0,615000000000.0,696000000000.0,748000000000.0,855000000000.0,1060000000000.0,929000000000.0,1150000000000.0,1400000000000.0,1550000000000.0,1580000000000.0,1470000000000.0,1350000000000.0,1210000000000.0,1330000000000.0,1430000000000.0,1390000000000.0,1330000000000.0,1560000000000.0,1690000000000.0
Austria,AUT,81737498405.0,70755997062.0,70996111963.0,71838528420.0,67719055773.0,69114996010.0,98648254169.0,124000000000.0,133000000000.0,133000000000.0,166000000000.0,173000000000.0,194000000000.0,190000000000.0,203000000000.0,240000000000.0,236000000000.0,212000000000.0,217000000000.0,216000000000.0,196000000000.0,196000000000.0,213000000000.0,261000000000.0,299000000000.0,314000000000.0,334000000000.0,387000000000.0,429000000000.0,399000000000.0,390000000000.0,429000000000.0,407000000000.0,427000000000.0,439000000000.0,380000000000.0,394000000000.0,415000000000.0,453000000000.0,443000000000.0,434000000000.0,480000000000.0,472000000000.0
Burundi,BDI,919726666.7,969046666.7,1013222222.0,1082926304.0,987143931.2,1149979286.0,1201725497.0,1131466494.0,1082403219.0,1113924130.0,1132101253.0,1167398478.0,1083037671.0,938632612.0,925030590.2,1000428394.0,869033856.3,972896267.9,893770740.2,808077223.4,870486065.9,876794723.1,825394519.4,784654423.6,915257323.4,1117113080.0,1273375078.0,1356199387.0,1611835857.0,1781455140.0,2032135192.0,2235820809.0,2333341334.0,2451606632.0,2705783330.0,3104003546.0,2644487777.0,2723586963.0,2667182200.0,2576518880.0,2649680261.0,2775798697.0,3338722828.0
Belgium,BEL,127000000000.0,105000000000.0,92095926188.0,87184239053.0,83349530159.0,86268264148.0,120000000000.0,149000000000.0,162000000000.0,164000000000.0,205000000000.0,211000000000.0,235000000000.0,225000000000.0,245000000000.0,288000000000.0,279000000000.0,253000000000.0,259000000000.0,258000000000.0,237000000000.0,237000000000.0,258000000000.0,318000000000.0,369000000000.0,386000000000.0,408000000000.0,471000000000.0,517000000000.0,485000000000.0,482000000000.0,527000000000.0,498000000000.0,524000000000.0,538000000000.0,461000000000.0,474000000000.0,501000000000.0,543000000000.0,537000000000.0,530000000000.0,599000000000.0,594000000000.0
Benin,BEN,1405251847.0,1291120188.0,1267778670.0,1095348199.0,1051134009.0,1045712789.0,1336102025.0,1562412228.0,1620246084.0,1502294416.0,1959965330.0,1986437797.0,1695315306.0,2274558083.0,1598075944.0,2169627138.0,2361116449.0,2268301646.0,2455092686.0,3677393999.0,3519991440.0,3666222635.0,4194342686.0,5349258094.0,6190270380.0,6567654954.0,7034111315.0,8169048383.0,9787734526.0,9738626517.0,9535345016.0,10693321364.0,11141358116.0,12517845124.0,13284527847.0,11388160997.0,11821065853.0,12701655837.0,14262408090.0,14391686313.0,15686741894.0,17687623535.0,17425405084.0
Burkina Faso,BFA,1928719888.0,1775842334.0,1754450096.0,1600278605.0,1459880132.0,1552493196.0,2036303358.0,2369834950.0,2616040479.0,2615587734.0,3101300779.0,3135045584.0,3356692505.0,3199536465.0,1895290637.0,2379517975.0,2586550595.0,2447669102.0,2804902367.0,3389566713.0,2968370088.0,3190371081.0,3622350063.0,4740768143.0,5451688538.0,6146353173.0,6547419820.0,7625722837.0,9451435490.0,9450696873.0,10109619741.0,12080295978.0,12561015157.0,13444300486.0,13943016077.0,11832159316.0,12833363045.0,14106955615.0,15890066221.0,16032813503.0,17725010533.0,19697516284.0,18820218691.0
Bangladesh,BGD,18138049096.0,20249694002.0,18525399202.0,17609048822.0,18920840000.0,22278423077.0,21774033333.0,24298032258.0,26579005558.0,28781715189.0,31598340778.0,30957483950.0,31708874594.0,33166519418.0,33768660883.0,37939748769.0,46438484108.0,48244309133.0,49984559471.0,51270569884.0,53369787319.0,53991289844.0,54724081491.0,60158929188.0,65108544250.0,69476001239.0,71795736172.0,79611644975.0,91636997371.0,102000000000.0,115000000000.0,129000000000.0,133000000000.0,150000000000.0,173000000000.0,195000000000.0,265000000000.0,294000000000.0,321000000000.0,351000000000.0,374000000000.0,416000000000.0,460000000000.0
Bulgaria,BGR,19839230769.0,19870000000.0,19342000000.0,16563666667.0,17594944444.0,17155421053.0,20249294118.0,28101000000.0,22555941176.0,21988444444.0,20632090909.0,7628738475.0,8602887623.0,10832064942.0,9709240034.0,18991484420.0,12294964838.0,11316127379.0,15031055047.0,13637098579.0,13245990274.0,14183446026.0,16403043850.0,21144957990.0,26157743369.0,29868657858.0,34380536496.0,44431257129.0,54480684188.0,52023801230.0,50689051382.0,57681293007.0,54297052002.0,55819262375.0,57080897012.0,50765918159.0,53929397039.0,59167647388.0,66251582036.0,68634004792.0,70550652467.0,84414122840.0,90509236929.0
Bahrain,BHR,3493834468.0,3943109532.0,4145421080.0,4247030468.0,4440874566.0,4152376484.0,3470746843.0,3856922694.0,4209834173.0,4393093963.0,4809511005.0,5248911170.0,5402232447.0,5913001064.0,6330627926.0,6651180851.0,6938166755.0,7219407713.0,7031309043.0,7528469149.0,9062898936.0,8976196809.0,9593510638.0,11074813830.0,13150159574.0,15968723404.0,18504760638.0,21730000000.0,25710904255.0,22938218085.0,26805984043.0,29914680851.0,31963404255.0,33823324468.0,34772526596.0,32523297872.0,33884680851.0,37204813830.0,39567978723.0,40446808511.0,35837632979.0,40840212766.0,46458191489.0
"Bahamas, The",BHS,1335300000.0,1426500000.0,1578300000.0,1732800000.0,2041100000.0,2320699900.0,2472500000.0,2713999900.0,2817900000.0,3062000000.0,3166000000.0,3111160000.0,3109000000.0,3092000000.0,3259000000.0,3429000000.0,3609000000.0,6332360000.0,6833220000.0,7683870000.0,8076470000.0,8317830000.0,8881160000.0,8870090000.0,9055290000.0,9836200000.0,10167250000.0,10618340000.0,10526000000.0,9981960000.0,10095760000.0,10070450000.0,10720400000.0,10475300000.0,11139100000.0,11837600000.0,11880900000.0,12446900000.0,12819200000.0,13277000000.0,10363200000.0,12037000000.0,13896800000.0
Belize,BLZ,257400000.0,260750000.0,248550000.0,262150000.0,290350000.0,287300000.0,311500000.0,371100000.0,421450000.0,491100000.0,547150000.0,597100000.0,696250000.0,752850000.0,772300000.0,819050000.0,850850000.0,873400000.0,929500000.0,1000250000.0,1138900000.0,1172800000.0,1244650000.0,1308900000.0,1400850000.0,1474950000.0,1591150000.0,1707100000.0,1738900000.0,1688500000.0,1745700000.0,1827050000.0,1909400000.0,2032750000.0,2138250000.0,2193050000.0,2240200000.0,2266300000.0,2293250000.0,2388300000.0,2042850000.0,2420550000.0,2846700000.0
Bermuda,BMU,613299968.0,739100032.0,785500032.0,889400000.0,985699968.0,1039500032.0,1173500032.0,1296499968.0,1415100032.0,1501500032.0,1592400000.0,1634900000.0,1679900000.0,1820359900.0,1867160100.0,2030750000.0,2695390000.0,2932827000.0,3130748000.0,3324433000.0,3480219000.0,3680483000.0,3937228000.0,4186525000.0,4484703000.0,4868136000.0,6144000000.0,6767000000.0,6980000000.0,6656000000.0,6634526000.0,6312691000.0,6378188000.0,6465756000.0,6413988000.0,6654541000.0,6899911000.0,7142316000.0,7225977000.0,7423465000.0,6887364000.0,7290037000.0,7874381000.0
Bolivia,BOL,4450360000.0,5778480000.0,5600390625.0,5414008621.0,6169304528.0,5377276657.0,3959383520.0,4347956338.0,4597611710.0,4715973437.0,4867582598.0,5343262457.0,5643868749.0,5734699489.0,5981222859.0,6715161732.0,7396949126.0,7925736821.0,8497494652.0,8285064435.0,8397855485.0,8141516928.0,7905485146.0,8082399640.0,8773451752.0,9549122905.0,11451844902.0,13120108008.0,16674276286.0,17339992194.0,19649723722.0,23963164697.0,27084497482.0,30659338886.0,32996188017.0,33000198249.0,33941126194.0,37508642171.0,40287647931.0,40895322851.0,36629843806.0,40406111693.0,44008282880.0
Brazil,BRA,237000000000.0,258000000000.0,271000000000.0,190000000000.0,188000000000.0,211000000000.0,256000000000.0,283000000000.0,308000000000.0,413000000000.0,385000000000.0,343000000000.0,328000000000.0,368000000000.0,525000000000.0,769000000000.0,850000000000.0,883000000000.0,864000000000.0,600000000000.0,655000000000.0,560000000000.0,510000000000.0,558000000000.0,669000000000.0,892000000000.0,1110000000000.0,1400000000000.0,1700000000000.0,1670000000000.0,2210000000000.0,2620000000000.0,2470000000000.0,2470000000000.0,2460000000000.0,1800000000000.0,1800000000000.0,2060000000000.0,1920000000000.0,1870000000000.0,1480000000000.0,1670000000000.0,1950000000000.0
Barbados,BRB,1012280615.0,1114204743.0,1163923830.0,1236016507.0,1346890071.0,1409536121.0,1547755183.0,1704370308.0,1812757918.0,2006165167.0,2012131457.0,2020583702.0,1957000000.0,2063342117.0,2151344901.0,2216974096.0,2363645403.0,2498384130.0,2817083478.0,2951822205.0,3059500000.0,3054500000.0,3106500000.0,3209500000.0,3444500000.0,3819500000.0,4217323400.0,4675767950.0,4790410400.0,4466809600.0,5191188500.0,5342183800.0,5271257500.0,5361158350.0,5365976700.0,5288057750.0,5330761500.0,5517340450.0,5629916200.0,5788288000.0,5168344450.0,5275242050.0,6257303500.0
Brunei Darussalam,BRN,10795432294.0,9367218664.0,8932198186.0,7927590750.0,7632788075.0,6967623884.0,4190280003.0,4918010080.0,4535130305.0,4983622881.0,6039881087.0,6284497300.0,6327966445.0,6203339925.0,6467782521.0,7700144057.0,7663377277.0,7793034390.0,5550846025.0,6309070375.0,6570999060.0,6096155748.0,6333082879.0,7167725265.0,8619178799.0,10547202612.0,12644616446.0,13432029496.0,15926456492.0,11912904529.0,13707121031.0,18524791071.0,19048443340.0,18094148099.0,17097797372.0,12930296852.0,11400266055.0,12128168047.0,13566908401.0,13469235348.0,12005799664.0,14006496614.0,16681536443.0
Bhutan,BTN,128669200.9,139174178.1,141439317.4,156704289.9,160423493.9,163288815.4,191218115.5,242742766.3,272298066.6,264798626.2,287765007.1,240294286.0,240233531.2,225973692.8,258954708.0,290490983.8,303408345.6,352229076.7,363458380.9,399311199.5,460733418.4,496110225.7,559345263.7,651935430.3,735348490.4,860391000.2,942879878.5,1255767964.0,1317517835.0,1331343798.0,1708880730.0,1977728659.0,1973387228.0,1943696952.0,2089079571.0,2187815803.0,2357504761.0,2591358009.0,2583335722.0,2735683570.0,2457604334.0,2768802960.0,2898227744.0
Botswana,BWA,1060889704.0,1073812830.0,1014945696.0,1172230397.0,1240822167.0,1114783343.0,1392602164.0,1965226890.0,2644554159.0,3083822112.0,3790636324.0,3942876703.0,4146464587.0,4160129175.0,4259259604.0,4730599122.0,4847757218.0,5020265627.0,4790481509.0,5484263347.0,5788329609.0,5489608300.0,5438863983.0,7511582173.0,8957467707.0,9918907108.0,9919158482.0,10567270656.0,10730829116.0,10118459242.0,12637273429.0,15110643612.0,13907464500.0,14271738933.0,15470088501.0,13530748845.0,15082637184.0,16105155857.0,17031943186.0,16725908149.0,14960251611.0,18750182235.0,20321150598.0
Central African Republic,CAF,797048198.5,694803622.9,748312390.8,658679332.7,637820670.3,864849836.3,1122265013.0,1200991978.0,1264899288.0,1233930281.0,1440711459.0,1377374987.0,1411917553.0,1278781262.0,851174356.8,1115389674.0,1007791127.0,937741513.0,967338389.7,999477510.7,916777282.7,932648604.8,996068144.9,1142315523.0,1272360517.0,1337894379.0,1461859762.0,1699811295.0,1993407888.0,2067381665.0,2142591540.0,2437982705.0,2510126512.0,1691544110.0,1894813389.0,1695825714.0,1825018145.0,2072349973.0,2220979146.0,2221301351.0,2326720900.0,2516498412.0,2382618615.0
Canada,CAN,275000000000.0,307000000000.0,315000000000.0,342000000000.0,357000000000.0,366000000000.0,379000000000.0,433000000000.0,509000000000.0,567000000000.0,596000000000.0,613000000000.0,594000000000.0,579000000000.0,580000000000.0,606000000000.0,631000000000.0,655000000000.0,634000000000.0,678000000000.0,745000000000.0,739000000000.0,761000000000.0,896000000000.0,1030000000000.0,1170000000000.0,1320000000000.0,1470000000000.0,1550000000000.0,1370000000000.0,1620000000000.0,1790000000000.0,1830000000000.0,1850000000000.0,1810000000000.0,1560000000000.0,1530000000000.0,1650000000000.0,1730000000000.0,1740000000000.0,1660000000000.0,2020000000000.0,2190000000000.0
Switzerland,CHE,123000000000.0,112000000000.0,115000000000.0,115000000000.0,109000000000.0,111000000000.0,159000000000.0,199000000000.0,216000000000.0,208000000000.0,266000000000.0,269000000000.0,280000000000.0,272000000000.0,301000000000.0,353000000000.0,340000000000.0,295000000000.0,303000000000.0,298000000000.0,279000000000.0,287000000000.0,309000000000.0,362000000000.0,404000000000.0,418000000000.0,442000000000.0,491000000000.0,567000000000.0,554000000000.0,599000000000.0,716000000000.0,686000000000.0,706000000000.0,727000000000.0,694000000000.0,688000000000.0,695000000000.0,726000000000.0,721000000000.0,742000000000.0,815000000000.0,829000000000.0
Chile,CHL,29586676576.0,35180322211.0,19710229067.0,20629678694.0,19974595028.0,17933557360.0,19197818085.0,22605488851.0,26174858614.0,30101767991.0,33428580448.0,38232330917.0,46538895686.0,49934943321.0,57438273591.0,73820425702.0,78584098984.0,85741415285.0,81990010704.0,75578685736.0,78339750721.0,71574739561.0,70264045939.0,76492579644.0,99075985774.0,122000000000.0,154000000000.0,172000000000.0,180000000000.0,172000000000.0,217000000000.0,251000000000.0,267000000000.0,277000000000.0,260000000000.0,242000000000.0,249000000000.0,276000000000.0,296000000000.0,278000000000.0,254000000000.0,315000000000.0,301000000000.0
China,CHN,191000000000.0,196000000000.0,205000000000.0,231000000000.0,260000000000.0,310000000000.0,301000000000.0,273000000000.0,313000000000.0,348000000000.0,362000000000.0,385000000000.0,429000000000.0,447000000000.0,567000000000.0,738000000000.0,869000000000.0,968000000000.0,1040000000000.0,1100000000000.0,1220000000000.0,1360000000000.0,1490000000000.0,1680000000000.0,1980000000000.0,2320000000000.0,2790000000000.0,3600000000000.0,4670000000000.0,5190000000000.0,6190000000000.0,7670000000000.0,8670000000000.0,9740000000000.0,10700000000000.0,11300000000000.0,11500000000000.0,12500000000000.0,14100000000000.0,14600000000000.0,15000000000000.0,18200000000000.0,18300000000000.0
Cote d'Ivoire,CIV,10175617609.0,8432589942.0,7567110849.0,6838184773.0,6841639247.0,6977650644.0,9158302100.0,10087654465.0,10255169806.0,9757410645.0,10795850583.0,10492628581.0,11152971274.0,11045760288.0,8313557510.0,11000146267.0,18071152831.0,18047558038.0,19619654756.0,18870992456.0,16577533892.0,16810537044.0,18054383321.0,21251754340.0,23510575681.0,24036918703.0,25281413263.0,28760090953.0,34078240293.0,33886813250.0,34936307980.0,36693710801.0,36302302877.0,42760235485.0,48843005614.0,45815005169.0,48407761037.0,52512343997.0,58522477787.0,60382894697.0,63027852805.0,72794636649.0,70922824824.0
Cameroon,CMR,6674569047.0,6610938617.0,6611255964.0,6870200010.0,7311938026.0,8544810498.0,11857056199.0,13049659981.0,12236057362.0,11012566195.0,12314482628.0,11840192296.0,12071775335.0,16181814713.0,8902446252.0,10864772471.0,11093538846.0,10789458433.0,11298144990.0,11565826465.0,10566579295.0,10953485349.0,12417251350.0,15970315035.0,18826214136.0,19509852207.0,20910512975.0,23928250433.0,27715142033.0,27932970317.0,27507501821.0,30630910495.0,30155062329.0,33728621180.0,36386544706.0,32210233020.0,33814337044.0,36098547033.0,39955552190.0,39667757528.0,40773241177.0,45011937347.0,44347206073.0
"Congo, Dem. Rep.",COD,14394927495.0,12537821038.0,13651667371.0,11006712650.0,7857729193.0,7195042616.0,8095367168.0,7661625473.0,8861299977.0,9021862775.0,9349764580.0,9625436873.0,8227343907.0,10706259937.0,5820382248.0,5643439376.0,5771456952.0,6090838693.0,6217805821.0,4711259427.0,19088046306.0,7438189100.0,8728038525.0,8937567060.0,10297483481.0,11964484466.0,14451901696.0,16737071816.0,19788515590.0,18648372553.0,21565721045.0,25839749199.0,29306235285.0,32679745048.0,35909040926.0,37917706497.0,37134801555.0,38019264795.0,47568210010.0,51775829877.0,48716961860.0,55328482784.0,65801547756.0
"Congo, Rep.",COG,1705796853.0,1993512323.0,2160640565.0,2097274290.0,2193581365.0,2160872540.0,1849268212.0,2297753652.0,2212536312.0,2389593026.0,2798746050.0,2724853506.0,2933222703.0,2684323623.0,1769365438.0,2116003868.0,2540697539.0,2322719103.0,1949481379.0,2354772960.0,3227927698.0,2796704604.0,3034250924.0,3503723088.0,4656974940.0,6650001680.0,8072305029.0,8782703437.0,11649857673.0,9723299915.0,13148396212.0,15655383577.0,17692911296.0,17958720699.0,17919321078.0,12434793867.0,10931328151.0,11834473039.0,14773900289.0,13976637780.0,11468687464.0,14825690211.0,15817030157.0
Colombia,COL,33400735644.0,36388366869.0,38968039722.0,38729822782.0,38253120738.0,34894419443.0,34942489684.0,36373307085.0,39212550050.0,39540080200.0,47844090710.0,49637993949.0,58394443378.0,66474101301.0,81705497617.0,92495970511.0,97153389011.0,107000000000.0,98486358581.0,86278947637.0,99875074951.0,98200641203.0,97945812803.0,94644969157.0,117000000000.0,146000000000.0,162000000000.0,206000000000.0,243000000000.0,232000000000.0,286000000000.0,335000000000.0,371000000000.0,382000000000.0,381000000000.0,293000000000.0,283000000000.0,312000000000.0,334000000000.0,323000000000.0,270000000000.0,319000000000.0,346000000000.0
Comoros,COM,212218261.6,196349931.5,184009013.6,191621954.9,184697225.6,196726096.3,279197721.8,337525852.6,356500032.7,341476768.3,429622177.7,424108769.5,457388651.5,452881475.1,319189184.3,398461797.0,396053805.9,364445600.5,370106745.9,382454989.9,351136579.6,378512024.1,425964681.0,546885222.7,633706110.8,653845169.2,698431793.9,795673152.9,915659108.0,905341172.7,907979446.4,1023087476.0,1015842907.0,1116223107.0,1149587624.0,966029599.8,1012835493.0,1077439756.0,1188797450.0,1195019531.0,1225039196.0,1299039312.0,1279542248.0
Cabo Verde,CPV,142246815.3,139468209.1,140630679.0,138476175.6,132019038.6,137728204.8,190651167.6,235253064.7,264308140.3,267448571.4,306890962.6,319827058.6,357160985.3,490417389.7,406580652.3,487148993.5,501979269.8,490608657.9,521910560.5,592416703.1,539227277.6,563090490.4,620507387.5,813260468.9,924940011.8,972241676.9,1107571458.0,1649621739.0,1959620648.0,1852334575.0,1824751468.0,2046817987.0,1913081210.0,2028910915.0,2041930125.0,1749857620.0,1849789986.0,1996741540.0,2205099507.0,2252177124.0,1821565614.0,2051842619.0,2247003344.0
Costa Rica,CRI,4831447001.0,2623803096.0,2606623555.0,3146772631.0,3660477856.0,3919203960.0,4418983871.0,4532952047.0,4614629898.0,5251025767.0,5711687787.0,7215725487.0,8579754758.0,9564815975.0,10489903725.0,11578594260.0,11678424507.0,12614602382.0,13684255947.0,14254866285.0,15013629662.0,15976174337.0,16578820687.0,17271760507.0,18610594846.0,20040642477.0,22715540324.0,26884700709.0,30801745700.0,30745714313.0,37658616952.0,42762613699.0,47231655432.0,50949668842.0,52016408854.0,56441920821.0,58847019610.0,60516044657.0,62420164992.0,64417670521.0,62395610760.0,64960725734.0,69243626029.0
Cyprus,CYP,2154311277.0,2087496374.0,2159242417.0,2160364071.0,2278248953.0,2430411900.0,3090734463.0,3704813886.0,4278792597.0,4563482604.0,5591130218.0,5770197348.0,6912150456.0,6590291048.0,7425703929.0,9933137128.0,10011914680.0,9547816420.0,10248618778.0,10497907228.0,9985847314.0,10397898907.0,11420228846.0,14547329558.0,17320551250.0,18433412511.0,20072754987.0,23968727074.0,27844646258.0,26048179949.0,25799940078.0,27641547910.0,25047436975.0,23959712861.0,23225918260.0,19909278417.0,21046462281.0,22946570629.0,25754001368.0,26196667100.0,25555093854.0,30372642502.0,30935566077.0
Germany,DEU,954000000000.0,803000000000.0,779000000000.0,774000000000.0,728000000000.0,735000000000.0,1050000000000.0,1300000000000.0,1410000000000.0,1400000000000.0,1780000000000.0,1880000000000.0,2140000000000.0,2080000000000.0,2220000000000.0,2590000000000.0,2510000000000.0,2220000000000.0,2250000000000.0,2210000000000.0,1970000000000.0,1970000000000.0,2100000000000.0,2530000000000.0,2850000000000.0,2890000000000.0,3050000000000.0,3480000000000.0,3810000000000.0,3480000000000.0,3470000000000.0,3820000000000.0,3600000000000.0,3810000000000.0,3970000000000.0,3420000000000.0,3540000000000.0,3760000000000.0,4050000000000.0,3960000000000.0,3940000000000.0,4350000000000.0,4160000000000.0
Dominica,DMA,72804653.33,82107391.11,89527576.67,98665191.48,109157070.7,119491933.0,135161958.5,151868754.4,171106184.1,185137243.0,201429629.6,219762963.0,234059259.3,245525925.9,264374074.1,274522222.2,292285185.2,302988888.9,322411111.1,331759259.3,333470370.4,377462963.0,375200000.0,373318518.5,396711111.1,391455555.6,416674074.1,444685185.2,480003703.7,515618518.5,519859259.3,532081481.5,520355555.6,545325925.9,572255555.6,583177777.8,612711111.1,563355555.6,628244444.4,644259259.3,528944444.4,562911111.1,623062963.0
Denmark,DNK,70811287816.0,61459941461.0,60084214872.0,60331158447.0,58868891335.0,62452421011.0,87748695217.0,109000000000.0,116000000000.0,112000000000.0,138000000000.0,139000000000.0,153000000000.0,143000000000.0,156000000000.0,185000000000.0,187000000000.0,173000000000.0,177000000000.0,178000000000.0,164000000000.0,165000000000.0,179000000000.0,218000000000.0,252000000000.0,265000000000.0,283000000000.0,320000000000.0,355000000000.0,323000000000.0,322000000000.0,344000000000.0,327000000000.0,345000000000.0,353000000000.0,302000000000.0,312000000000.0,332000000000.0,355000000000.0,345000000000.0,356000000000.0,408000000000.0,402000000000.0
Dominican Republic,DOM,6761300000.0,7561300000.0,8267400000.0,9220600000.0,11594000000.0,5044579979.0,6122128558.0,5827050753.0,5374299981.0,6686593060.0,7073675545.0,9824483340.0,11605382504.0,13081042400.0,14644734599.0,16637370839.0,18241622548.0,20017450041.0,21672215547.0,22136579397.0,24305780629.0,25601823688.0,27137440786.0,21403167848.0,22322387382.0,35777560684.0,37879830084.0,43965458509.0,48091433554.0,48223781477.0,53801053353.0,57948261616.0,60561635556.0,62555417415.0,67014329100.0,70966782572.0,75552902636.0,79070274743.0,84994732049.0,89146130745.0,78546672407.0,94850719517.0,113000000000.0
Algeria,DZA,42345829079.0,44348590461.0,45207167470.0,48801369800.0,53698548293.0,57937868670.0,63692007897.0,66745818375.0,59089396860.0,55634721573.0,62048507531.0,45715676428.0,48003133347.0,49945584453.0,42543176829.0,41764291672.0,46941554225.0,48177612042.0,48187781984.0,48640671735.0,54790398570.0,59413400924.0,61516103406.0,73482264191.0,91913680985.0,107000000000.0,123000000000.0,142000000000.0,180000000000.0,150000000000.0,178000000000.0,218000000000.0,227000000000.0,230000000000.0,239000000000.0,187000000000.0,181000000000.0,190000000000.0,195000000000.0,193000000000.0,165000000000.0,186000000000.0,226000000000.0
Ecuador,ECU,17881508242.0,21810759354.0,19929846396.0,17152477037.0,16912509092.0,17149088413.0,15314138472.0,13945426859.0,13051881851.0,13890823705.0,15239272612.0,16988535268.0,18094238119.0,18938717359.0,22708673337.0,24432884442.0,25226393197.0,28162053027.0,27981896948.0,19645272636.0,17539454727.0,23127055000.0,27054197000.0,30965208000.0,35194947000.0,40278849000.0,45690762000.0,49848725000.0,61139438000.0,60094978000.0,68151329000.0,78986648000.0,87735048000.0,96570334000.0,103000000000.0,97209558000.0,97671433000.0,104000000000.0,107000000000.0,108000000000.0,95865473000.0,107000000000.0,116000000000.0
"Egypt, Arab Rep.",EGY,21669908176.0,22136081081.0,27655172414.0,30966239814.0,33971188992.0,39053502251.0,41253507951.0,40455616654.0,34980124929.0,39756299050.0,42978914311.0,37387836491.0,41855986519.0,46578631453.0,51897983393.0,60159245060.0,67629716981.0,78436578171.0,84828807556.0,90710704807.0,99838543960.0,96684636119.0,85146067416.0,80288461538.0,78782467532.0,89660339660.0,107000000000.0,130000000000.0,163000000000.0,189000000000.0,219000000000.0,236000000000.0,279000000000.0,288000000000.0,306000000000.0,329000000000.0,332000000000.0,248000000000.0,263000000000.0,319000000000.0,384000000000.0,425000000000.0,477000000000.0
Spain,ESP,233000000000.0,203000000000.0,196000000000.0,171000000000.0,172000000000.0,181000000000.0,251000000000.0,319000000000.0,376000000000.0,414000000000.0,536000000000.0,577000000000.0,630000000000.0,525000000000.0,530000000000.0,614000000000.0,642000000000.0,590000000000.0,619000000000.0,634000000000.0,598000000000.0,628000000000.0,709000000000.0,908000000000.0,1070000000000.0,1150000000000.0,1260000000000.0,1480000000000.0,1640000000000.0,1500000000000.0,1430000000000.0,1490000000000.0,1330000000000.0,1360000000000.0,1380000000000.0,1210000000000.0,1240000000000.0,1320000000000.0,1430000000000.0,1400000000000.0,1290000000000.0,1460000000000.0,1450000000000.0
Ethiopia,ETH,7012585454.0,7507663567.0,7899988841.0,8781664427.0,8298309581.0,9717392687.0,10094328898.0,10790001558.0,11181119718.0,11762932007.0,12478943895.0,13799799324.0,10754799037.0,9051043870.0,7100806754.0,7855205207.0,8761215548.0,8803539988.0,8013274132.0,7892973532.0,8242349618.0,8231326016.0,7850809498.0,8623691300.0,10131187261.0,12401139454.0,15280861835.0,19707616773.0,27066912635.0,32437389116.0,29933790334.0,31952763089.0,43310721414.0,47648276605.0,55612228234.0,64589328551.0,74296766562.0,81770885148.0,84269180857.0,95912620248.0,108000000000.0,111000000000.0,127000000000.0
Finland,FIN,53649984061.0,52440066134.0,52784013815.0,50956447481.0,52870993273.0,55856676899.0,73511611541.0,91564993913.0,109000000000.0,119000000000.0,141000000000.0,128000000000.0,113000000000.0,89112105756.0,103000000000.0,134000000000.0,132000000000.0,127000000000.0,134000000000.0,135000000000.0,126000000000.0,130000000000.0,140000000000.0,172000000000.0,197000000000.0,205000000000.0,217000000000.0,256000000000.0,286000000000.0,253000000000.0,249000000000.0,275000000000.0,257000000000.0,270000000000.0,273000000000.0,233000000000.0,239000000000.0,254000000000.0,274000000000.0,267000000000.0,270000000000.0,294000000000.0,280000000000.0
Fiji,FJI,1202618816.0,1235626771.0,1194059943.0,1123085190.0,1178000678.0,1141168944.0,1290267340.0,1177947965.0,1110009523.0,1182660266.0,1337017559.0,1383883250.0,1532411039.0,1636101247.0,1825732093.0,1970301486.0,2128696644.0,2090221137.0,1653146717.0,1936459986.0,1678219508.0,1652462023.0,1833279985.0,2300492465.0,2708078477.0,2980403845.0,3076305453.0,3378314600.0,3523185920.0,2870624636.0,3140166713.0,3779411899.0,3972028104.0,4189967999.0,4857104769.0,4682479894.0,4930213644.0,5353469174.0,5581425327.0,5444407198.0,4432466220.0,4305031650.0,4969503549.0
France,FRA,695000000000.0,609000000000.0,578000000000.0,553000000000.0,525000000000.0,547000000000.0,765000000000.0,926000000000.0,1010000000000.0,1020000000000.0,1260000000000.0,1260000000000.0,1390000000000.0,1310000000000.0,1390000000000.0,1600000000000.0,1600000000000.0,1450000000000.0,1500000000000.0,1490000000000.0,1360000000000.0,1370000000000.0,1490000000000.0,1840000000000.0,2110000000000.0,2190000000000.0,2320000000000.0,2660000000000.0,2930000000000.0,2700000000000.0,2650000000000.0,2870000000000.0,2680000000000.0,2820000000000.0,2860000000000.0,2440000000000.0,2470000000000.0,2590000000000.0,2780000000000.0,2720000000000.0,2650000000000.0,2970000000000.0,2800000000000.0
Faroe Islands,FRO,493014300.0,456244919.0,444047495.3,486605127.7,426008864.7,459307281.2,688914288.9,886508622.3,968576956.9,871935350.4,960805408.9,909253214.8,912670413.3,760957189.8,758739178.6,901404709.8,989536914.7,933763083.4,1104744235.0,1127684827.0,1067109531.0,1160268212.0,1275093689.0,1501941581.0,1724770771.0,1759739599.0,2017680835.0,2339015313.0,2489873250.0,2296065170.0,2331796784.0,2505740669.0,2427200389.0,2690110521.0,2914012679.0,2573905971.0,2813278869.0,2980057378.0,3188600927.0,3266432734.0,3271813312.0,3664686797.0,3566698398.0
"Micronesia, Fed. Sts.",FSM,64186644.0,76472529.0,80055706.0,84110353.0,84676118.0,101931941.0,112210000.0,116700000.0,124700000.0,135200000.0,147200000.0,166200000.0,178100000.0,198400000.0,202500000.0,221575300.0,218534700.0,206626300.0,218873100.0,220140500.0,233271800.0,240970900.0,242517200.0,245432900.0,240236000.0,250281900.0,253541900.0,256787200.0,263145100.0,280284600.0,296944100.0,311301600.0,327248700.0,317214400.0,319271200.0,316489900.0,325000000.0,359000000.0,392000000.0,394000000.0,372902690.0,391601947.0,415956896.5
Gabon,GAB,4279637942.0,3862269121.0,3618007841.0,3391275732.0,3561451561.0,3339914757.0,3403638189.0,3281797043.0,3834503376.0,4186411464.0,5952293765.0,5402919785.0,5592390827.0,4378645081.0,4190819344.0,4958845648.0,5694040003.0,5326817115.0,4483417310.0,4662992036.0,5080483629.0,5023265413.0,5335451100.0,6511903365.0,7770219008.0,9582783991.0,10327598306.0,12455409587.0,15571348344.0,12113699068.0,14372593020.0,18210307744.0,17170464016.0,17595744798.0,18203966896.0,14383107763.0,14023890265.0,14929487485.0,16867326402.0,16874405465.0,15342236164.0,19444935097.0,20440655695.0
United Kingdom,GBR,565000000000.0,541000000000.0,515000000000.0,490000000000.0,461000000000.0,489000000000.0,601000000000.0,745000000000.0,910000000000.0,927000000000.0,1090000000000.0,1140000000000.0,1180000000000.0,1060000000000.0,1140000000000.0,1340000000000.0,1420000000000.0,1560000000000.0,1650000000000.0,1690000000000.0,1670000000000.0,1650000000000.0,1790000000000.0,2050000000000.0,2420000000000.0,2540000000000.0,2710000000000.0,3090000000000.0,2930000000000.0,2410000000000.0,2490000000000.0,2660000000000.0,2710000000000.0,2780000000000.0,3060000000000.0,2930000000000.0,2690000000000.0,2680000000000.0,2870000000000.0,2850000000000.0,2700000000000.0,3140000000000.0,3110000000000.0
Ghana,GHA,4445228216.0,4222441860.0,4035994398.0,4057275132.0,4412279843.0,4504306723.0,5735677434.0,5074829932.0,5197765032.0,5251858440.0,5889106573.0,6603185268.0,6416103926.0,5968922939.0,5446383727.0,6464382808.0,6932991739.0,6891443192.0,7482069162.0,7718109982.0,4982850662.0,5314872854.0,6166197848.0,7632723556.0,8881417907.0,10744568381.0,20885037597.0,24827339138.0,28679383241.0,26048720006.0,32197655567.0,39336668081.0,41271701061.0,62845721960.0,54678533806.0,49436806230.0,56144179398.0,60385409435.0,67259353966.0,68352629246.0,70008243860.0,79514204730.0,73919003210.0
Guinea,GIN,9746524915.0,9646440667.0,11926032493.0,15129893722.0,18421497251.0,22787644566.0,2909130355.0,2976714019.0,3476480303.0,3546079263.0,3888320666.0,4396178694.0,4789220417.0,4781166117.0,4932800407.0,5385704166.0,5641243100.0,5516916163.0,5232118046.0,5046806783.0,4367458867.0,4125527603.0,4301608753.0,5025167975.0,5300767961.0,4282468637.0,4220019845.0,6281918226.0,6964179983.0,6716905340.0,6853467146.0,6785137203.0,7638044557.0,8376613539.0,8778473373.0,8794201743.0,8595955222.0,10324668271.0,11857030367.0,13442861496.0,14088693743.0,17069115738.0,19910452542.0
"Gambia, The",GMB,241083090.3,218767743.5,216050552.3,213448584.9,177340880.1,225726358.9,185646986.8,220626484.2,266672211.9,284120329.4,317083695.5,690311080.5,714254256.1,755040974.1,746493951.9,785999864.8,848239446.2,803633342.5,840285264.6,814724032.1,782913871.8,687410645.1,578235309.3,487038685.0,961900651.4,1027701068.0,1054112488.0,1279703047.0,1561766956.0,1450142509.0,1543294927.0,1409693597.0,1415004738.0,1375609453.0,1229461721.0,1378176609.0,1484578886.0,1504909463.0,1670671328.0,1813609692.0,1812170891.0,2014158842.0,2204734527.0
Guinea-Bissau,GNB,287648258.3,402230865.2,430284021.9,425225176.8,359980490.7,373959151.1,338524232.6,451893375.0,427514321.5,554072302.8,634187269.2,668470890.8,588309271.3,615779518.8,612502084.8,660195402.0,702965147.6,698107222.4,591034143.4,579365780.1,391345597.5,412610871.5,466773711.2,553614800.1,582169841.3,639776040.7,634781901.3,753162998.0,952667544.0,890167833.4,940112538.9,1157074319.0,1049412177.0,1109682824.0,1135250721.0,1152384167.0,1245074264.0,1469978606.0,1554133594.0,1588767976.0,1683619352.0,1878659687.0,1839048748.0
Equatorial Guinea,GNQ,50642880.77,36731422.85,44294647.73,44442456.95,50320914.41,62118569.97,76407395.87,93345859.53,100534656.9,88265974.86,112119411.5,110906028.5,134707183.8,136047906.2,100807002.5,141853360.9,232463022.8,442337870.7,370687634.4,621117885.7,1045998496.0,1461139022.0,1806742742.0,2484745935.0,4410764339.0,8217369093.0,10086528699.0,13071718759.0,19749893536.0,15027795173.0,16314443436.0,21357343669.0,22388344144.0,21948834284.0,21765453082.0,13185496881.0,11240808848.0,12200913879.0,13097012134.0,11364133550.0,9893816008.0,12215878033.0,13687643436.0
Greece,GRC,56039256595.0,51618456335.0,53858346939.0,48741397059.0,47352146312.0,47155741426.0,55595445472.0,64739630096.0,75200610137.0,78067933277.0,96529587274.0,104000000000.0,115000000000.0,107000000000.0,115000000000.0,135000000000.0,143000000000.0,139000000000.0,140000000000.0,137000000000.0,126000000000.0,132000000000.0,150000000000.0,197000000000.0,235000000000.0,242000000000.0,269000000000.0,314000000000.0,351000000000.0,327000000000.0,296000000000.0,283000000000.0,239000000000.0,237000000000.0,234000000000.0,195000000000.0,193000000000.0,200000000000.0,213000000000.0,207000000000.0,191000000000.0,218000000000.0,219000000000.0
Grenada,GRD,110900457.0,115651918.9,125435590.0,131803552.2,145533310.7,167728455.2,187589522.6,215009569.6,236357523.7,267327642.2,278098763.0,300757888.9,310160444.4,309812185.2,325111814.8,342172518.5,366911444.4,392190592.6,445903592.6,482009370.4,520044370.4,520444185.2,540336925.9,591018407.4,599118592.6,695555555.6,698700666.7,758683592.6,825976037.0,771275555.6,771014814.8,778655555.6,799881481.5,842618518.5,911496296.3,997007407.4,1061640741.0,1125685185.0,1166514815.0,1213485185.0,1043411111.0,1122800000.0,1231732104.0
Greenland,GRL,476051740.8,435748993.4,402403041.0,416184071.0,379371901.5,412876382.8,603016292.7,787390409.0,898607670.6,929799902.2,1018977280.0,1016500069.0,1037916163.0,927214151.8,1005887539.0,1208953287.0,1197515569.0,1072154434.0,1149858070.0,1131555107.0,1068025016.0,1086170704.0,1169136716.0,1558759823.0,1822499769.0,1849802648.0,2013106930.0,2249811296.0,2499092314.0,2529963903.0,2503167187.0,2684461375.0,2609678486.0,2684946990.0,2842065708.0,2499113023.0,2707139544.0,2851613679.0,3055782146.0,2997309972.0,3089625554.0,3293578468.0,3152334772.0
Guatemala,GTM,7878700000.0,8607500300.0,8716999700.0,9050000400.0,9470000100.0,9721652087.0,7231963516.0,7084399840.0,7841602824.0,8410724361.0,7650196845.0,9406135143.0,10440781588.0,11400017301.0,12983233311.0,14655404433.0,15674835615.0,17790026222.0,19395491993.0,18318412251.0,19288929030.0,18405220247.0,20444205991.0,21576351799.0,23577298095.0,26783389294.0,29744246827.0,33567850824.0,38503720224.0,37126148265.0,40676578423.0,46876006272.0,49593929487.0,52996446180.0,57852152955.0,62186064758.0,66053403364.0,71653754107.0,73328365862.0,77172317259.0,77719464221.0,86455519687.0,95641441235.0
Guyana,GUY,603200000.0,570357107.1,482000000.0,489333333.3,437631605.3,453488372.1,504651139.5,354591846.9,413799990.0,379779389.7,396582263.3,348533094.8,373573141.5,454101382.5,540874934.2,621626785.9,705406001.4,749138009.6,717530683.2,694754988.3,712667896.7,712167450.2,726131434.7,743063950.3,787814379.2,824880550.3,2379817991.0,2730971595.0,3025187433.0,3165663153.0,3432912517.0,3691384318.0,4063088536.0,4167800929.0,4127660152.0,4279840194.0,4482697337.0,4748174334.0,4787636998.0,5173760192.0,5471256595.0,8041362110.0,14718388489.0
"Hong Kong SAR, China",HKG,28861857811.0,31055226089.0,32291215844.0,29907227184.0,33511383986.0,35699772166.0,41075396885.0,50622896163.0,59707404561.0,68790219178.0,76928784621.0,88959997900.0,104000000000.0,120000000000.0,136000000000.0,145000000000.0,160000000000.0,177000000000.0,169000000000.0,166000000000.0,172000000000.0,169000000000.0,166000000000.0,161000000000.0,169000000000.0,182000000000.0,194000000000.0,212000000000.0,219000000000.0,214000000000.0,229000000000.0,249000000000.0,263000000000.0,276000000000.0,291000000000.0,309000000000.0,321000000000.0,341000000000.0,362000000000.0,363000000000.0,345000000000.0,369000000000.0,359000000000.0
Honduras,HND,3968160046.0,4043894879.0,4266503526.0,4476697185.0,4915311847.0,5278120713.0,5677828959.0,6190521242.0,5902717091.0,5432344902.0,4923009552.0,4648668479.0,4943700431.0,4926728933.0,4642280682.0,5347445005.0,5215028986.0,5737099650.0,6366340266.0,6414520530.0,7186638029.0,7651162302.0,7858255413.0,8230391347.0,8869299234.0,9757012697.0,10917477066.0,12361257681.0,13881731876.0,14587496229.0,15839344592.0,17710275685.0,18528554398.0,18499729215.0,19756533972.0,20979791685.0,21717604952.0,23136247991.0,24067750760.0,24882225742.0,23352232484.0,28144331507.0,31426041807.0
Haiti,HTI,1383800000.0,1479400000.0,1474200000.0,1623600000.0,1816200000.0,2009400000.0,2318000000.0,2047200000.0,2613926800.0,2736243800.0,3096289800.0,3473562628.0,2257129792.0,1878253767.0,2167569046.0,2813313279.0,2907517604.0,3338949152.0,3723903724.0,4153725884.0,6813566099.0,6331970324.0,6205847214.0,5071947798.0,6087360684.0,7030149730.0,7638739123.0,9228637768.0,10432962635.0,11597002835.0,11859312725.0,13008746039.0,13708925477.0,14902488604.0,15146883498.0,14849629309.0,14069277526.0,15093357161.0,16403864618.0,15016090930.0,14508222518.0,20877414953.0,20253551921.0
Hungary,HUN,23116977148.0,23705883892.0,24141667188.0,21910365258.0,21242726264.0,21510643750.0,24778163812.0,27232016527.0,29799838597.0,30422508938.0,34478360679.0,34867307353.0,38857339125.0,40256233360.0,43307949890.0,46577614589.0,46833767124.0,47398564799.0,48784412624.0,49160204397.0,47275954429.0,53800068066.0,67636468625.0,85190469121.0,104000000000.0,113000000000.0,116000000000.0,140000000000.0,158000000000.0,131000000000.0,132000000000.0,142000000000.0,128000000000.0,136000000000.0,141000000000.0,125000000000.0,129000000000.0,143000000000.0,161000000000.0,165000000000.0,158000000000.0,183000000000.0,178000000000.0
Indonesia,IDN,72482337397.0,85518233419.0,90158449295.0,81052283384.0,84853700028.0,85289488375.0,79954072545.0,75929617558.0,84300174486.0,94451427877.0,106000000000.0,117000000000.0,128000000000.0,158000000000.0,177000000000.0,202000000000.0,227000000000.0,216000000000.0,95445547873.0,140000000000.0,165000000000.0,160000000000.0,196000000000.0,235000000000.0,257000000000.0,286000000000.0,365000000000.0,432000000000.0,510000000000.0,540000000000.0,755000000000.0,893000000000.0,918000000000.0,913000000000.0,891000000000.0,861000000000.0,932000000000.0,1020000000000.0,1040000000000.0,1120000000000.0,1060000000000.0,1190000000000.0,1320000000000.0
India,IND,186000000000.0,193000000000.0,201000000000.0,218000000000.0,212000000000.0,233000000000.0,249000000000.0,279000000000.0,297000000000.0,296000000000.0,321000000000.0,270000000000.0,288000000000.0,279000000000.0,327000000000.0,360000000000.0,393000000000.0,416000000000.0,421000000000.0,459000000000.0,468000000000.0,485000000000.0,515000000000.0,608000000000.0,709000000000.0,820000000000.0,940000000000.0,1220000000000.0,1200000000000.0,1340000000000.0,1680000000000.0,1820000000000.0,1830000000000.0,1860000000000.0,2040000000000.0,2100000000000.0,2290000000000.0,2650000000000.0,2700000000000.0,2840000000000.0,2670000000000.0,3170000000000.0,3350000000000.0
Ireland,IRL,21747855640.0,20670190138.0,21474754080.0,20766047764.0,20106648455.0,21270013326.0,28714571852.0,33920518493.0,37772897421.0,39238392678.0,49305632408.0,49787502852.0,55918538121.0,52417477614.0,57097656066.0,69139823232.0,75790785030.0,82856648758.0,90199410116.0,98893958263.0,100000000000.0,109000000000.0,129000000000.0,165000000000.0,194000000000.0,212000000000.0,232000000000.0,270000000000.0,275000000000.0,236000000000.0,222000000000.0,241000000000.0,227000000000.0,243000000000.0,267000000000.0,302000000000.0,306000000000.0,349000000000.0,395000000000.0,407000000000.0,437000000000.0,531000000000.0,549000000000.0
"Iran, Islamic Rep.",IRN,94362275580.0,100000000000.0,126000000000.0,156000000000.0,162000000000.0,180000000000.0,209000000000.0,134000000000.0,123000000000.0,120000000000.0,125000000000.0,132000000000.0,120000000000.0,63743623231.0,71841461172.0,96419225745.0,120000000000.0,114000000000.0,110000000000.0,114000000000.0,110000000000.0,127000000000.0,129000000000.0,152000000000.0,188000000000.0,225000000000.0,266000000000.0,350000000000.0,406000000000.0,414000000000.0,487000000000.0,629000000000.0,644000000000.0,500000000000.0,462000000000.0,409000000000.0,459000000000.0,489000000000.0,399000000000.0,334000000000.0,262000000000.0,383000000000.0,394000000000.0
Iraq,IRQ,52569000000.0,37823000000.0,42382333333.0,40712903226.0,46938387097.0,48425161290.0,47264516129.0,56774193548.0,62684516129.0,65831935484.0,180000000000.0,407796349.7,553671957.7,1031944881.0,3991349283.0,12894029888.0,10433698621.0,20764857056.0,20617405044.0,36881601584.0,48364250944.0,36176430129.0,32928454672.0,21921569479.0,36633669269.0,50065104668.0,65147051918.0,88837057320.0,132000000000.0,112000000000.0,139000000000.0,186000000000.0,218000000000.0,235000000000.0,228000000000.0,167000000000.0,167000000000.0,187000000000.0,227000000000.0,234000000000.0,181000000000.0,210000000000.0,287000000000.0
Iceland,ISL,3381419251.0,3492997010.0,3206626645.0,2765950336.0,2864441387.0,2984052357.0,3989622739.0,5520318405.0,6106635816.0,5672569449.0,6468736356.0,6909730288.0,7080981738.0,6218581532.0,6389460343.0,7123633418.0,7426082271.0,7569672925.0,8503746468.0,8982047589.0,9025660362.0,8234846805.0,9318395055.0,11429333038.0,13825302536.0,16852963067.0,17465318552.0,21652505597.0,18074622987.0,13154414219.0,13751161918.0,15221622926.0,14751508134.0,16125060515.0,17867662178.0,17517210519.0,20793168031.0,24728285177.0,26260850582.0,24681343649.0,21629953194.0,25770339317.0,28696453180.0
Israel,ISR,25395256478.0,26882009819.0,29255285401.0,32675755462.0,30645607293.0,28905736367.0,35834154874.0,43049543635.0,52650948910.0,52443479454.0,62016729541.0,70998755007.0,79457685757.0,79855877174.0,90740103829.0,105000000000.0,115000000000.0,119000000000.0,121000000000.0,121000000000.0,137000000000.0,135000000000.0,125000000000.0,131000000000.0,140000000000.0,148000000000.0,159000000000.0,185000000000.0,221000000000.0,213000000000.0,240000000000.0,268000000000.0,264000000000.0,298000000000.0,315000000000.0,303000000000.0,322000000000.0,358000000000.0,376000000000.0,401000000000.0,411000000000.0,490000000000.0,525000000000.0
Italy,ITA,478000000000.0,432000000000.0,428000000000.0,444000000000.0,439000000000.0,453000000000.0,642000000000.0,808000000000.0,894000000000.0,931000000000.0,1180000000000.0,1250000000000.0,1320000000000.0,1070000000000.0,1100000000000.0,1180000000000.0,1310000000000.0,1240000000000.0,1270000000000.0,1260000000000.0,1150000000000.0,1170000000000.0,1280000000000.0,1580000000000.0,1810000000000.0,1860000000000.0,1960000000000.0,2220000000000.0,2420000000000.0,2210000000000.0,2140000000000.0,2310000000000.0,2100000000000.0,2150000000000.0,2170000000000.0,1850000000000.0,1890000000000.0,1970000000000.0,2100000000000.0,2020000000000.0,1910000000000.0,2180000000000.0,2100000000000.0
Jamaica,JAM,2679379372.0,2979027966.0,3293496312.0,3619262277.0,2373564549.0,2100239019.0,2754549582.0,3287007322.0,3828342820.0,4404937853.0,4592208087.0,4106207649.0,3535460090.0,5440075676.0,5452558947.0,6577520643.0,7393891921.0,8400041724.0,8787195622.0,8887057997.0,9005064475.0,9194727831.0,9719009495.0,9430234811.0,10174664854.0,11243865778.0,11930179090.0,12799600047.0,13709401520.0,12120458115.0,13220549908.0,14444661522.0,14807086556.0,14264205153.0,13899217680.0,14188936918.0,14077096677.0,14808985133.0,15730792876.0,15830766531.0,13812421836.0,14657586159.0,17097760687.0
Jordan,JOR,3910044474.0,4383944703.0,4681240993.0,4920692191.0,4967162160.0,4993601520.0,6402050485.0,6756209762.0,6277451829.0,4221373674.0,4160087508.0,4344467193.0,5310833194.0,5606400222.0,6236295978.0,6727597032.0,6927503526.0,7245839210.0,7912270804.0,8149929478.0,8460789845.0,8975814653.0,9582510578.0,10195627645.0,11411706629.0,12588998590.0,15056981664.0,17110437236.0,22658715989.0,24537876056.0,27133804225.0,29524149155.0,31634561690.0,34454440141.0,36847643521.0,38587017887.0,39892551127.0,41608435915.0,43370860704.0,44503006338.0,43700383099.0,46296100141.0,48764963380.0
Japan,JPN,1130000000000.0,1250000000000.0,1160000000000.0,1270000000000.0,1350000000000.0,1430000000000.0,2120000000000.0,2580000000000.0,3130000000000.0,3110000000000.0,3190000000000.0,3650000000000.0,3980000000000.0,4540000000000.0,5000000000000.0,5550000000000.0,4920000000000.0,4490000000000.0,4100000000000.0,4640000000000.0,4970000000000.0,4370000000000.0,4180000000000.0,4520000000000.0,4890000000000.0,4830000000000.0,4600000000000.0,4580000000000.0,5110000000000.0,5290000000000.0,5760000000000.0,6230000000000.0,6270000000000.0,5210000000000.0,4900000000000.0,4440000000000.0,5000000000000.0,4930000000000.0,5040000000000.0,5120000000000.0,5050000000000.0,5040000000000.0,4260000000000.0
Kenya,KEN,7265315820.0,6854491706.0,6431579357.0,5979198314.0,6191437070.0,6135034214.0,7239126568.0,7970820369.0,8355380879.0,8283114514.0,8572359038.0,8151488783.0,8209120763.0,5751786643.0,7148148564.0,9046320255.0,12045865396.0,13115764358.0,14093998844.0,12896010459.0,12705350098.0,12986007426.0,13147736899.0,14904517650.0,16095337094.0,18737895513.0,25825512284.0,31958195182.0,35895153328.0,42347217913.0,45405615064.0,46869473151.0,56396704672.0,61671440408.0,68285796514.0,70120446897.0,74815144164.0,82036510877.0,92202979985.0,100000000000.0,101000000000.0,110000000000.0,114000000000.0
Cambodia,KHM,744384129.7,815153652.4,865516039.8,939291262.1,1021176059.0,1102669184.0,1167630318.0,1036974910.0,1662877859.0,1353137648.0,1402541177.0,2054974089.0,2491486594.0,2533727592.0,2791435272.0,3441205693.0,3506695720.0,3443413389.0,3120425503.0,3517242477.0,3694168979.0,4145665970.0,4501227627.0,5046693484.0,5883297160.0,7066296463.0,8350531017.0,10127916460.0,12174303999.0,12502901170.0,13808673288.0,16032622024.0,17826536700.0,19807135253.0,22041463968.0,24174170369.0,26556545153.0,29355665910.0,33145892169.0,36685356408.0,34818073901.0,36790163687.0,39994532960.0
Kiribati,KIR,33157723.11,35267489.24,32742712.65,31000545.77,34394167.04,26126615.23,25993008.79,29554412.53,38278810.32,37645319.2,36534294.8,41247791.64,61491369.28,58953595.91,67055333.9,68596394.6,81456854.14,80205806.83,74905705.89,77323978.19,74910527.26,64935850.16,74743869.13,96105619.38,104085892.1,113895437.3,112338353.3,138054945.6,147017895.0,140177384.1,165458433.1,195970140.2,207001545.9,201730860.8,200287282.0,191559398.7,206467818.5,222875736.3,233514717.4,216985388.3,220897998.7,285259894.0,270040457.0
St. Kitts and Nevis,KNA,68459259.26,80888888.89,86022222.22,86874074.07,98603703.7,111007407.4,130685185.2,147748148.1,172692592.6,192518518.5,217259259.3,220540740.7,242137037.0,263755555.6,295159259.3,313485185.2,333944444.4,374641308.0,383257331.4,406595484.4,421695769.8,458643829.0,481077373.7,469869869.9,506900000.0,547203703.7,644414814.8,689285185.2,777692592.6,774274074.1,778718518.5,836092592.6,824585185.2,874548148.1,952111111.1,957222222.2,1006818519.0,1056977778.0,1076548148.0,1107855556.0,883922222.2,858622222.2,980188888.9
"Korea, Rep.",KOR,65398377598.0,72933533012.0,78358416171.0,87760553262.0,97510744119.0,101000000000.0,117000000000.0,148000000000.0,200000000000.0,247000000000.0,283000000000.0,331000000000.0,356000000000.0,393000000000.0,464000000000.0,567000000000.0,610000000000.0,570000000000.0,383000000000.0,498000000000.0,576000000000.0,548000000000.0,627000000000.0,703000000000.0,793000000000.0,935000000000.0,1050000000000.0,1170000000000.0,1050000000000.0,944000000000.0,1140000000000.0,1250000000000.0,1280000000000.0,1370000000000.0,1480000000000.0,1470000000000.0,1500000000000.0,1620000000000.0,1730000000000.0,1650000000000.0,1640000000000.0,1820000000000.0,1670000000000.0
Kuwait,KWT,28638868356.0,25058020338.0,21577153356.0,20871081080.0,21700082753.0,21445970614.0,17903989745.0,22368704134.0,20690322153.0,24313855653.0,18427777778.0,11009993703.0,19858555215.0,23941391391.0,24848483838.0,27186980647.0,31492373309.0,30350190704.0,25943705784.0,30122365849.0,37718743480.0,34889559870.0,38135788414.0,47874582232.0,59439090601.0,80798630137.0,102000000000.0,115000000000.0,147000000000.0,106000000000.0,115000000000.0,154000000000.0,174000000000.0,174000000000.0,163000000000.0,115000000000.0,109000000000.0,121000000000.0,139000000000.0,141000000000.0,111000000000.0,148000000000.0,184000000000.0
Liberia,LBR,854711500.0,846514500.0,863933200.0,823374900.0,848478300.0,851296100.0,840964400.0,972800000.0,1038300000.0,786300000.0,384400000.0,348000000.0,223500000.0,160400000.0,132200000.0,134800000.0,159400000.0,295900000.0,359600000.0,441800000.0,874000000.0,906000000.0,927000000.0,748000000.0,897000000.0,949000000.0,1119000000.0,1373000000.0,1726000000.0,1768000000.0,1998000000.0,2398000000.0,2791614000.0,3177198100.0,3225652000.0,3227075700.0,3398419600.0,3390703400.0,3422754800.0,3319596500.0,3176126300.0,3513049500.0,4001047000.0
Libya,LBY,40953924949.0,36374353880.0,33760146991.0,33200520140.0,29476109153.0,31530566324.0,24180400959.0,26697659335.0,24308959591.0,25156707899.0,28904183602.0,31991821265.0,33887047909.0,30660051911.0,28610549763.0,25541379187.0,27884615385.0,30700897875.0,27251301398.0,35975860857.0,38270954138.0,34112093927.0,20481889764.0,26265625000.0,33122307692.0,47334691241.0,60094231607.0,68032978391.0,86710767415.0,60808562033.0,75380825062.0,48169263294.0,92540938129.0,75351107029.0,57372355592.0,48717501321.0,49912073701.0,67157452182.0,76686029772.0,69254496472.0,46854285441.0,35217995647.0,43246297922.0
St. Lucia,LCA,170370370.4,194444444.4,183333333.3,197037037.0,251481481.5,284444444.4,340000000.0,375555555.6,429629629.6,486666666.7,579629629.6,613703703.7,674074074.1,684814814.8,713703703.7,762962963.0,788888888.9,805925925.9,877407407.4,921851851.9,932592592.6,892592592.6,900000000.0,987407407.4,1066666667.0,1135555556.0,1268319185.0,1336088815.0,1437731111.0,1401507889.0,1482385185.0,1568370370.0,1598207407.0,1660392593.0,1749185185.0,1807640741.0,1868544444.0,1998503704.0,2060955556.0,2095344444.0,1499274074.0,1867185185.0,2342714815.0
Liechtenstein,LIE,534699362.9,511647750.1,522096760.3,524023624.9,502620991.9,529073612.5,779357802.5,1052848996.0,1161757671.0,1119983801.0,1421509216.0,1484160302.0,1631177029.0,1673085245.0,1948129623.0,2428525061.0,2504012993.0,2298389803.0,2479699106.0,2664105901.0,2483889858.0,2491800559.0,2688618747.0,3070803051.0,3454373798.0,3659319117.0,4000102086.0,4601429897.0,5081479840.0,4504375348.0,5082337238.0,5739706005.0,5456102482.0,6391708311.0,6657526980.0,6268515276.0,6237302034.0,6474308718.0,6692620692.0,6436467007.0,6405870210.0,7912602342.0,7378156576.0
Sri Lanka,LKA,4024621900.0,4415844156.0,4768765017.0,5167913302.0,6043474843.0,5978460972.0,6405210564.0,6682167120.0,6978371581.0,6987267684.0,8032551173.0,9000362582.0,9703011636.0,10338679636.0,11717604209.0,13029697561.0,13897738375.0,15091913884.0,15794972847.0,15656327860.0,16330814180.0,15749753805.0,16536535647.0,18881765437.0,20662525941.0,24405791045.0,28279802406.0,32350238760.0,40713826215.0,42066224093.0,58636161082.0,67753284044.0,70447216891.0,77000578167.0,82528535714.0,85090301052.0,88000211172.0,94369350286.0,94450015983.0,88998706297.0,84335574582.0,88556698938.0,74143020263.0
Lesotho,LSO,431542536.7,434188034.2,348741683.7,386699308.9,333163670.3,268629925.9,318858423.0,402768324.5,470395800.6,495409232.6,596410263.7,704325366.7,831029861.7,835582062.5,878250945.3,1001894000.0,946112492.8,998004258.7,928460893.1,912773681.1,887291687.9,825706961.2,775777238.6,1157825435.0,1511236656.0,1682343527.0,1800092564.0,1682131785.0,1766902709.0,1740894965.0,2234754242.0,2579409620.0,2477702216.0,2367112932.0,2441063054.0,2359686725.0,2114426452.0,2306741672.0,2556247292.0,2390702296.0,2053699870.0,2412130022.0,2354980884.0
Luxembourg,LUX,6019805490.0,5053665797.0,4602316793.0,4524217751.0,4438435493.0,4577211767.0,6685595088.0,8320902215.0,9418167855.0,10037674038.0,12778792854.0,13834219728.0,15518702635.0,15925521222.0,17701798891.0,20853093870.0,20895314658.0,19563836265.0,20150053345.0,21899317599.0,21230182989.0,21387533703.0,23649833332.0,29667268248.0,35064843793.0,37672280120.0,42910146296.0,51587401416.0,58844277702.0,54467289898.0,56213985987.0,61696281326.0,59776383527.0,65203276467.0,68804811898.0,60071584216.0,62216885436.0,65712180343.0,71085623495.0,69872035114.0,73670782100.0,86386759695.0,80801680397.0
Morocco,MAR,21728516153.0,17788185479.0,17692276734.0,16251408128.0,14824667954.0,14991283216.0,19462085540.0,21765195948.0,25705296184.0,26314313191.0,30179954775.0,32285573574.0,33711069431.0,31655473664.0,35604137423.0,39030285468.0,43161571528.0,39147844526.0,46497608725.0,46266428648.0,43017455402.0,43831480208.0,47077192188.0,58029363354.0,66114145451.0,68852658069.0,75883823301.0,86947913287.0,102000000000.0,101000000000.0,101000000000.0,110000000000.0,107000000000.0,116000000000.0,119000000000.0,110000000000.0,112000000000.0,119000000000.0,127000000000.0,129000000000.0,121000000000.0,142000000000.0,131000000000.0
Monaco,MCO,1378175524.0,1205188648.0,1143216457.0,1092560365.0,1037329604.0,1082867507.0,1515234743.0,1839081463.0,2000704745.0,2010083833.0,2481307077.0,2480540845.0,2737049231.0,2574494356.0,2720332135.0,3130309995.0,3137886995.0,2840195190.0,2934593468.0,2907118641.0,2654462665.0,2673723034.0,2919647982.0,3597089751.0,4043551489.0,4204652899.0,4586826513.0,5875790766.0,6502942245.0,5474379252.0,5367561570.0,6088689808.0,5742749294.0,6555591710.0,7070017324.0,6264756528.0,6471290794.0,6430254653.0,7184333936.0,7383496254.0,6730736283.0,8623242743.0,8800430486.0
Madagascar,MDG,5201818348.0,4759333998.0,4784977326.0,4686457031.0,3905938481.0,3802557895.0,4347989788.0,3212900556.0,3189456965.0,3175638333.0,3931334875.0,3254713056.0,3714966678.0,4063298919.0,3522227092.0,3838100904.0,4931861039.0,4262965420.0,4401967633.0,4277903780.0,4629247204.0,5438332602.0,5351701663.0,6372498890.0,5064732626.0,5859269753.0,6395712491.0,8524620890.0,10725137724.0,9616879409.0,9982711338.0,11551819618.0,11578975062.0,12423555455.0,12522957399.0,11323020701.0,11848613858.0,13176313594.0,13760033282.0,14104664679.0,13051441204.0,14354731964.0,15325603273.0
Maldives,MDV,42463576.16,44781456.95,47911340.18,57829787.23,109503546.1,127190758.0,141882254.2,141223029.4,168514513.4,189514434.2,215043969.8,244396761.9,284875809.0,322417837.2,356014932.1,398988955.0,450382328.0,508223602.4,540096397.6,589239753.6,624337145.3,870031676.8,897031250.0,1052121055.0,1226829563.0,1163362438.0,1575200391.0,1868383461.0,2271646188.0,2345294875.0,2588176055.0,2774350240.0,2886163997.0,3295009238.0,3697353039.0,4129505319.0,4409942624.0,4816426257.0,5404344163.0,5726094799.0,3712604583.0,5252457370.0,6177118114.0
Mexico,MEX,206000000000.0,264000000000.0,185000000000.0,156000000000.0,184000000000.0,195000000000.0,135000000000.0,148000000000.0,182000000000.0,221000000000.0,261000000000.0,313000000000.0,363000000000.0,530000000000.0,554000000000.0,380000000000.0,432000000000.0,523000000000.0,557000000000.0,631000000000.0,742000000000.0,796000000000.0,811000000000.0,766000000000.0,819000000000.0,918000000000.0,1020000000000.0,1100000000000.0,1160000000000.0,943000000000.0,1110000000000.0,1230000000000.0,1260000000000.0,1330000000000.0,1360000000000.0,1210000000000.0,1110000000000.0,1190000000000.0,1260000000000.0,1300000000000.0,1120000000000.0,1320000000000.0,1470000000000.0
Marshall Islands,MHL,26710653.0,31020000.0,34918000.0,41749000.0,45144000.0,43879000.0,55989000.0,62983000.0,70688000.0,72798000.0,78476000.0,82507000.0,91063000.0,99461000.0,108071000.0,120230000.0,110858000.0,109884700.0,112070100.0,113352100.0,114838500.0,122406100.0,131960000.0,131128500.0,132900000.0,138000000.0,143200000.0,150500000.0,146600000.0,151200000.0,161100000.0,172300000.0,180700000.0,186400000.0,186000000.0,183700000.0,201800000.0,213700000.0,220000000.0,232900000.0,241800000.0,258900000.0,253400000.0
Mali,MLI,1759691186.0,1538972424.0,1333754225.0,1297765326.0,1232932104.0,1392196048.0,1852163453.0,2090629987.0,2169040603.0,2181821909.0,2681912149.0,2724131458.0,2830673378.0,2818281085.0,2081846498.0,2706425157.0,2780422049.0,2697105823.0,2920358711.0,3440724710.0,2961484954.0,3468337942.0,3908121307.0,4714071980.0,7113132070.0,8009875052.0,8858863053.0,10289243720.0,12262134441.0,12592138109.0,13196527458.0,15506843902.0,14891957623.0,15769357573.0,16943434591.0,15583181170.0,16743796800.0,18308362040.0,20368015381.0,20477421885.0,20698560939.0,22999245263.0,22374051350.0
Malta,MLT,1250198601.0,1243509394.0,1234474404.0,1165729707.0,1101807023.0,1117797439.0,1435038441.0,1751293461.0,2019503068.0,2118655677.0,2547328748.0,2750216747.0,3021942759.0,2709193538.0,2998505428.0,3709360097.0,3822489746.0,3787070704.0,4010092091.0,4111891845.0,4036809865.0,4070867153.0,4455127398.0,5418315225.0,6104141501.0,6393234965.0,6749838862.0,7908412374.0,9135419490.0,8734745632.0,9097044182.0,9789361705.0,9609532106.0,10796782634.0,11888032862.0,11340795033.0,12025782885.0,14161366733.0,16153779511.0,16337793531.0,16409900599.0,19723563355.0,19239187084.0
Myanmar,MMR,1038225167.0,1111000765.0,1481165468.0,1381573615.0,1304063253.0,1478908173.0,1582873750.0,1562448077.0,1541088312.0,2013448229.0,2115193513.0,2069832687.0,2411552289.0,3163020035.0,4432257174.0,5289174943.0,6123556717.0,4722288496.0,6459461639.0,8486832801.0,8905066164.0,6477790688.0,6777632512.0,10467109978.0,10567354056.0,11986972419.0,14502553710.0,20182477481.0,31862554102.0,36906181381.0,49540813342.0,59977326086.0,59937796648.0,60269732855.0,65531374200.0,59607290408.0,63298361996.0,66053040483.0,67860515990.0,75065106228.0,79006113643.0,66345291160.0,62253049892.0
Mongolia,MNG,2101394100.0,2310099100.0,2552401933.0,2725736633.0,2098734600.0,2186505475.0,2896178867.0,3020611600.0,3204461567.0,3576966800.0,2560785660.0,2379018326.0,1317611864.0,768401634.2,925817092.2,1452165005.0,1345719472.0,1180934203.0,1124440205.0,1057408589.0,1136896124.0,1267997934.0,1396555720.0,1595297356.0,1992066808.0,2523471601.0,3414055662.0,4234999704.0,5623216608.0,4583850368.0,7189481999.0,10409797378.0,12292770632.0,12582122604.0,12226514668.0,11619892591.0,11181350649.0,11480847741.0,13178094720.0,14206359018.0,13312981429.0,15286441738.0,17146471714.0
Mauritania,MRT,1047925106.0,1105494682.0,1108776653.0,1165171263.0,1074373230.0,1009723326.0,1186628778.0,1344664725.0,1414951290.0,1450647019.0,1506914408.0,2133692697.0,2164298425.0,1847353211.0,1944876755.0,2091726101.0,2132087009.0,2071996564.0,2032347665.0,1985922776.0,1779520886.0,1746063558.0,1777057481.0,2051147607.0,2362501023.0,2936019526.0,3919577286.0,4346212355.0,5206437194.0,4714595548.0,5628878798.0,6764627746.0,6728208836.0,7223071097.0,6592537782.0,6166863897.0,6398747592.0,6800135898.0,7473550557.0,7894764886.0,8260752385.0,9222536364.0,9557966698.0
Mauritius,MUS,1147027924.0,1157769444.0,1092923636.0,1104956573.0,1054564759.0,1090611325.0,1482601552.0,1906174438.0,2163252449.0,2211312823.0,2689212760.0,2895354736.0,3267677814.0,3307302126.0,3606050873.0,4094741652.0,4481489762.0,4243755308.0,4225813976.0,4402193195.0,4726108622.0,4675755867.0,4906494249.0,5894873920.0,6667418752.0,6576108447.0,7028810681.0,8150150209.0,9990356674.0,9128843109.0,10003670690.0,11518413430.0,11668696397.0,12292974141.0,13074129952.0,12007291046.0,12594155464.0,13713506131.0,14735695931.0,14436346980.0,11408106446.0,11484348858.0,12907767790.0
Malawi,MWI,1801156775.0,1801193910.0,1717379495.0,1780148049.0,1758028656.0,1646442273.0,1722586299.0,1721711808.0,2008189508.0,2314205130.0,2737087862.0,3206783830.0,2618837835.0,3013392658.0,1719864761.0,2033701498.0,3319573750.0,3875785863.0,2547609590.0,2584478924.0,2537307580.0,2498008665.0,5087328438.0,4669789300.0,5058726350.0,5320409651.0,5818279739.0,6451210219.0,7743617352.0,9009887947.0,10128323011.0,11648142958.0,8773203178.0,8031571928.0,8801326169.0,9219474379.0,7909868618.0,8943543794.0,9879231592.0,11051865580.0,11769313598.0,12378129751.0,12429060151.0
Malaysia,MYS,24488224677.0,25004285792.0,26804493635.0,30347442111.0,33942897422.0,31199633353.0,27734111400.0,32181210158.0,35272109220.0,38847965293.0,44024585240.0,49143148094.0,59167550163.0,66894966969.0,74478356958.0,88705342903.0,101000000000.0,100000000000.0,72167498981.0,79148421053.0,93789736842.0,92783947368.0,101000000000.0,110000000000.0,125000000000.0,144000000000.0,163000000000.0,194000000000.0,231000000000.0,202000000000.0,255000000000.0,298000000000.0,314000000000.0,323000000000.0,338000000000.0,301000000000.0,301000000000.0,319000000000.0,359000000000.0,365000000000.0,337000000000.0,374000000000.0,408000000000.0
Namibia,NAM,2421990338.0,2249908578.0,2118710248.0,2297400688.0,1951260038.0,1608237350.0,1809048527.0,2300068217.0,2495094746.0,2535135798.0,2789921854.0,2996869281.0,3429521699.0,3251188833.0,3666503530.0,3978514206.0,3989163197.0,4154989950.0,3873109866.0,3868551730.0,3922232165.0,3557341215.0,3349169826.0,4926439384.0,6609205995.0,7248374838.0,8001779551.0,8839536476.0,8607431497.0,8938847189.0,11431412421.0,12523359441.0,13042053592.0,12043307277.0,12435430970.0,11335161084.0,10722018732.0,12895153371.0,13682019076.0,12541928303.0,10583748542.0,12402486184.0,12569449123.0
New Caledonia,NCL,1182463951.0,972564154.8,904599869.7,823857893.2,796066194.7,854820893.6,1201321514.0,1488093102.0,2072775508.0,2185082939.0,2529440424.0,2653780672.0,2923883281.0,2822243781.0,3038728385.0,3628440505.0,3606968436.0,3291131281.0,3556304833.0,3647802050.0,3420032041.0,3297734891.0,3740056748.0,4915353827.0,5895008978.0,6238629487.0,6979155388.0,8819917180.0,9067619760.0,8704438102.0,9364350077.0,10351448005.0,9659151917.0,10151382933.0,10635035595.0,8738203074.0,8724568955.0,9174048682.0,9896402284.0,9475655325.0,9454629468.0,10071349664.0,9623318718.0
Niger,NER,2508524721.0,2170893414.0,2017612216.0,1803099561.0,1461243326.0,1440581652.0,1904096998.0,2233006105.0,2280356193.0,2179567114.0,3512356508.0,3285796875.0,3386232579.0,3052673849.0,1938058175.0,2302537562.0,2405686940.0,2290318910.0,2643363519.0,2537789821.0,2241753193.0,2448714704.0,2782192879.0,3394084732.0,3760443738.0,4383315965.0,4756361252.0,5731485052.0,7297600226.0,7352131310.0,7851192502.0,8772950778.0,9426912648.0,10224897438.0,10862943544.0,9683867926.0,10398861982.0,11185104252.0,12837307497.0,12889555561.0,13744653103.0,14915002436.0,15433852714.0
Nigeria,NGA,64201788123.0,164000000000.0,143000000000.0,97094911792.0,73484359521.0,73745821158.0,54805852581.0,52676041931.0,49648470440.0,44003061108.0,54035795388.0,59526833412.0,52058181854.0,56721051402.0,80399613064.0,141000000000.0,186000000000.0,201000000000.0,218000000000.0,59145077039.0,69171451627.0,73557840064.0,95054059303.0,105000000000.0,136000000000.0,176000000000.0,238000000000.0,278000000000.0,339000000000.0,295000000000.0,367000000000.0,414000000000.0,464000000000.0,520000000000.0,574000000000.0,493000000000.0,405000000000.0,376000000000.0,422000000000.0,475000000000.0,432000000000.0,441000000000.0,477000000000.0
Nicaragua,NIC,2144300006.0,2474700227.0,2454499872.0,2753100058.0,3117599872.0,2683699935.0,2885799994.0,3851200118.0,2630900096.0,1013184756.0,1009455484.0,1488804124.0,1792800000.0,1756454248.0,3863185119.0,4140470000.0,4308351903.0,4389973490.0,4635347386.0,4856026259.0,5109587050.0,5351752034.0,5223727303.0,5322228351.0,5792932838.0,6321324279.0,6763672381.0,7423375015.0,8496967597.0,8298702489.0,8758602233.0,9774329333.0,10532017232.0,10982988249.0,11880438824.0,12756696261.0,13286093388.0,13785893007.0,13025221974.0,12699023614.0,12726422432.0,14209020362.0,15634572502.0
Netherlands,NLD,195000000000.0,164000000000.0,159000000000.0,154000000000.0,144000000000.0,144000000000.0,201000000000.0,245000000000.0,262000000000.0,259000000000.0,319000000000.0,328000000000.0,363000000000.0,354000000000.0,380000000000.0,453000000000.0,451000000000.0,418000000000.0,439000000000.0,448000000000.0,418000000000.0,433000000000.0,476000000000.0,582000000000.0,661000000000.0,688000000000.0,738000000000.0,853000000000.0,958000000000.0,879000000000.0,852000000000.0,913000000000.0,846000000000.0,884000000000.0,902000000000.0,776000000000.0,797000000000.0,848000000000.0,930000000000.0,929000000000.0,933000000000.0,1050000000000.0,1050000000000.0
Norway,NOR,64439382896.0,63596654761.0,62647195538.0,61627240831.0,62057955033.0,65416879914.0,78693118044.0,94229907236.0,102000000000.0,103000000000.0,120000000000.0,122000000000.0,131000000000.0,121000000000.0,127000000000.0,152000000000.0,164000000000.0,161000000000.0,154000000000.0,162000000000.0,171000000000.0,174000000000.0,196000000000.0,229000000000.0,265000000000.0,310000000000.0,347000000000.0,403000000000.0,465000000000.0,388000000000.0,431000000000.0,501000000000.0,513000000000.0,526000000000.0,502000000000.0,388000000000.0,371000000000.0,402000000000.0,440000000000.0,409000000000.0,368000000000.0,503000000000.0,596000000000.0
Nepal,NPL,1945916583.0,2275583317.0,2395423742.0,2447174803.0,2581207388.0,2619913956.0,2850782044.0,2957255380.0,3487009748.0,3525225787.0,3627560239.0,3921476085.0,3401211581.0,3660041667.0,4066775510.0,4401104418.0,4521580381.0,4918691917.0,4856255044.0,5033642384.0,5494252208.0,6007055042.0,6050875807.0,6330473097.0,7273938315.0,8130258378.0,9043715356.0,10325618017.0,12545438605.0,12854985464.0,16002656434.0,21573872421.0,21703100877.0,22162204925.0,22731612922.0,24360801287.0,24524109484.0,28971588940.0,33111525237.0,34186180699.0,33433659301.0,36924841394.0,41182939601.0
Nauru,NRU,46947124.23,51689636.6,52877742.47,48439093.12,47363231.3,41548740.51,39939390.74,40118409.87,45931133.59,53736786.09,55572375.53,52533788.56,51133123.13,43542088.25,39742511.24,39969705.97,37458801.21,37331507.28,29664450.93,27328612.61,26930980.34,22613287.54,21017423.61,24778159.58,30587565.8,30282840.19,29183626.71,23068623.46,37184925.33,44024969.95,47442299.26,65444173.78,100794924.7,94385014.94,98752257.05,84383388.64,97276023.08,108862278.5,130937589.8,124871111.4,124530027.3,175513984.5,152190818.9
New Zealand,NZL,23244547385.0,24417617184.0,24164603059.0,24309279706.0,21665975319.0,24679795396.0,30604668357.0,40376354070.0,45176811594.0,43920222525.0,45495129385.0,42745329732.0,41649829860.0,46775620817.0,55314732279.0,63918703507.0,70140835299.0,66075143415.0,56227169851.0,58762260626.0,52623281957.0,53872425917.0,66627729311.0,88250885550.0,104000000000.0,115000000000.0,112000000000.0,137000000000.0,133000000000.0,122000000000.0,147000000000.0,168000000000.0,177000000000.0,191000000000.0,202000000000.0,178000000000.0,189000000000.0,207000000000.0,212000000000.0,213000000000.0,213000000000.0,254000000000.0,250000000000.0
Oman,OMN,5981760278.0,7259120151.0,7554719456.0,7932541691.0,8821443151.0,10005645420.0,7324167369.0,7811183095.0,8386215865.0,9372171651.0,13310273082.0,12918335501.0,14183615085.0,14230429129.0,14715214564.0,15722236671.0,17402080624.0,18039791938.0,16044213264.0,17832769831.0,22259557867.0,22205721717.0,23065539662.0,24733680104.0,28378933680.0,35506892068.0,42577633290.0,48300390117.0,69804681404.0,55454096229.0,64993498049.0,77497529259.0,87408842653.0,89936020806.0,92699089727.0,78710793238.0,75128738622.0,80856697009.0,91505851756.0,88060858257.0,75909492848.0,87323797139.0,110000000000.0
Pakistan,PAK,23654444444.0,28100606061.0,30725971564.0,28691889764.0,31151825467.0,31144920844.0,31899070056.0,33351529275.0,38472742808.0,40171106279.0,40010423970.0,45625336680.0,48884671947.0,51809999353.0,52293470813.0,60636071684.0,63320170084.0,62433340468.0,62191955814.0,62973857069.0,99484802345.0,97145618480.0,97923302809.0,112000000000.0,132000000000.0,145000000000.0,162000000000.0,184000000000.0,202000000000.0,187000000000.0,197000000000.0,231000000000.0,250000000000.0,259000000000.0,271000000000.0,300000000000.0,314000000000.0,339000000000.0,356000000000.0,321000000000.0,300000000000.0,349000000000.0,375000000000.0
Panama,PAN,4614086400.0,5222421500.0,5769767900.0,5923755900.0,6183387100.0,6541517100.0,6797834200.0,6827665300.0,5902783400.0,5918469800.0,6433967000.0,7074675500.0,8042337700.0,8782585400.0,9365289800.0,9573813700.0,9197503300.0,10058854400.0,11019557700.0,11660704800.0,11966497000.0,12252906300.0,12800851300.0,13603456000.0,15100203400.0,16623906700.0,18659721500.0,21717433800.0,25721328000.0,27791215500.0,30231009500.0,35687738300.0,41595439700.0,46949496500.0,51427104900.0,55767806100.0,59760858700.0,64327688800.0,67316471200.0,69778991200.0,57059846500.0,67396392500.0,76276116700.0
Peru,PER,18136838538.0,21648214893.0,21794535621.0,17345260564.0,17600400385.0,15078736875.0,21859448586.0,36889706593.0,15439408447.0,22499558526.0,26410386963.0,34341465998.0,35966302303.0,34832077221.0,44882079767.0,53312793687.0,55252414130.0,58147522523.0,55501467877.0,50187324568.0,51744749133.0,52030158775.0,54777553515.0,58731030122.0,66768703498.0,76060606061.0,88643193062.0,102000000000.0,121000000000.0,121000000000.0,148000000000.0,172000000000.0,193000000000.0,201000000000.0,201000000000.0,190000000000.0,192000000000.0,211000000000.0,223000000000.0,228000000000.0,201000000000.0,226000000000.0,246000000000.0
Philippines,PHL,36848080899.0,40499388869.0,42206011275.0,37759179895.0,35730185634.0,34961486348.0,33987207295.0,37791488666.0,43152128959.0,48513773721.0,50508286642.0,51784144943.0,60422328242.0,62036529147.0,73159336915.0,84644328727.0,94648084429.0,94106317565.0,74492416330.0,85640171045.0,83669788377.0,78921234458.0,84307345888.0,87039092974.0,95001999685.0,107000000000.0,128000000000.0,156000000000.0,182000000000.0,176000000000.0,208000000000.0,234000000000.0,262000000000.0,284000000000.0,297000000000.0,306000000000.0,319000000000.0,328000000000.0,347000000000.0,377000000000.0,362000000000.0,394000000000.0,404000000000.0
Palau,PLW,29728054.0,32726594.0,36027583.0,39661530.0,44814259.0,51030637.0,58109314.0,66169905.0,75348615.0,85800543.0,97702303.0,106555300.0,104771300.0,96455700.0,106138500.0,121018500.0,137494600.0,143860800.0,149079600.0,144206500.0,149535800.0,159453500.0,162665500.0,154559900.0,166391600.0,191048400.0,193679700.0,200903600.0,201167300.0,189998000.0,188174300.0,198873900.0,215762400.0,225345700.0,243156500.0,278824800.0,298323500.0,285600000.0,288546300.0,281941600.0,258990800.0,235752900.0,255591100.0
Papua New Guinea,PNG,2545808456.0,2498190847.0,2368719683.0,2562351551.0,2552662617.0,2423339172.0,2647995602.0,3143851794.0,3656177881.0,3546472566.0,3219729083.0,3787394958.0,4377980510.0,4974550286.0,5502786070.0,4636057476.0,5155311077.0,4936615299.0,3789443015.0,3477038204.0,3521339699.0,3081024212.0,2999511040.0,3536411824.0,3927157867.0,4865892972.0,8354911041.0,9545028944.0,11670892801.0,11619456449.0,14250786675.0,17985138066.0,21295168666.0,21261338065.0,23210823987.0,21723437010.0,20758876953.0,22742699138.0,24109780708.0,24750626030.0,23848447850.0,26109413521.0,31653185953.0
Puerto Rico (US),PRI,14436100000.0,15955700000.0,16764200000.0,17276600000.0,19162600000.0,20289200000.0,22009300000.0,24025800000.0,26385800000.0,28161200000.0,30603919000.0,32287031000.0,34630430000.0,36922456000.0,39690630000.0,42647331000.0,45340835000.0,48187039000.0,54086400000.0,57841000000.0,61701800000.0,69208400000.0,71623500000.0,74827400000.0,80322313000.0,83914521300.0,87276164400.0,89524131600.0,93639300000.0,96385600000.0,98381300000.0,100000000000.0,102000000000.0,102000000000.0,102000000000.0,103000000000.0,104000000000.0,103000000000.0,101000000000.0,105000000000.0,103000000000.0,106000000000.0,114000000000.0
Portugal,PRT,32896519824.0,31977276873.0,30527754793.0,27239650742.0,25217969050.0,27115807742.0,38745901354.0,48182925857.0,56347250696.0,60594092182.0,78713860217.0,89233599278.0,108000000000.0,95009751901.0,99688641304.0,118000000000.0,123000000000.0,117000000000.0,124000000000.0,127000000000.0,119000000000.0,122000000000.0,135000000000.0,165000000000.0,189000000000.0,197000000000.0,209000000000.0,240000000000.0,263000000000.0,245000000000.0,238000000000.0,245000000000.0,217000000000.0,227000000000.0,230000000000.0,199000000000.0,206000000000.0,221000000000.0,242000000000.0,240000000000.0,230000000000.0,256000000000.0,257000000000.0
Paraguay,PRY,4448087302.0,5624515873.0,5419411765.0,5673248726.0,4502462807.0,3282449236.0,3723993943.0,3971044724.0,4255683528.0,4757732200.0,5812114523.0,6984367763.0,7157424031.0,7249533620.0,7870982005.0,9062131475.0,9788391781.0,9965225678.0,9260481572.0,8837070236.0,8855705140.0,8495806432.0,7196260657.0,7691367471.0,9624440836.0,10737500188.0,13429430050.0,17856393235.0,24615267664.0,22355151162.0,27260886405.0,33756238767.0,33271921136.0,38501122141.0,40377929296.0,36211447840.0,36089700223.0,38997129474.0,40225448341.0,37925338329.0,35432178068.0,39950899939.0,41952910858.0
French Polynesia,PYF,1320416025.0,1234743073.0,1235897958.0,1284180701.0,1325515445.0,1448281228.0,2212028300.0,2677977163.0,2723496362.0,2731683484.0,3320159522.0,3410078968.0,3713785765.0,3544608548.0,3676123788.0,4186994249.0,4166072830.0,3762859093.0,3903186593.0,3911602004.0,3599845480.0,3573808556.0,3965405553.0,4927780607.0,5564109982.0,5705052135.0,5877997980.0,6631156406.0,7136741422.0,6584557974.0,6086644799.0,6203940037.0,5692858099.0,6031827123.0,6151996561.0,5325846362.0,5497036477.0,5833352693.0,6135116253.0,6022276196.0,5574821989.0,6150640646.0,5814661209.0
Qatar,QAT,7829165262.0,8661263764.0,7596703214.0,6467582308.0,6704395824.0,6153296456.0,5053021951.0,5446428681.0,6038187033.0,6487912088.0,7360439423.0,6883516484.0,7646153984.0,7156593654.0,7374450769.0,8137911978.0,9059340385.0,11297802115.0,10255495027.0,12393131868.0,17759890110.0,17538461538.0,19363736264.0,23533791209.0,31734065934.0,44530494505.0,60882142857.0,79712087912.0,115000000000.0,97798351648.0,125000000000.0,168000000000.0,187000000000.0,199000000000.0,206000000000.0,162000000000.0,152000000000.0,161000000000.0,183000000000.0,176000000000.0,144000000000.0,180000000000.0,236000000000.0
Russian Federation,RUS,403000000000.0,425000000000.0,457000000000.0,478000000000.0,498000000000.0,504000000000.0,512000000000.0,523000000000.0,555000000000.0,507000000000.0,517000000000.0,518000000000.0,460000000000.0,435000000000.0,395000000000.0,396000000000.0,392000000000.0,405000000000.0,271000000000.0,196000000000.0,260000000000.0,307000000000.0,345000000000.0,430000000000.0,591000000000.0,764000000000.0,990000000000.0,1300000000000.0,1660000000000.0,1220000000000.0,1520000000000.0,2050000000000.0,2210000000000.0,2290000000000.0,2060000000000.0,1360000000000.0,1280000000000.0,1570000000000.0,1660000000000.0,1690000000000.0,1490000000000.0,1830000000000.0,2290000000000.0
Rwanda,RWA,1254765642.0,1407062527.0,1407243139.0,1479687587.0,1587413084.0,1715626331.0,1944710684.0,2157432668.0,2395492687.0,2405022593.0,2550185679.0,1911600237.0,2029026962.0,1971525712.0,753636370.5,1293535193.0,1382334879.0,1851558197.0,1989343546.0,2157108263.0,2068836754.0,1966600715.0,1966003468.0,2138237279.0,2376496067.0,2933819766.0,3319784539.0,4070507895.0,5179854065.0,5674476969.0,6124756654.0,6884913658.0,7654761045.0,7819964024.0,8238966120.0,8543760206.0,8695272061.0,9252833894.0,9637904519.0,10349300277.0,10174386855.0,11078787095.0,13316161006.0
Saudi Arabia,SAU,165000000000.0,184000000000.0,153000000000.0,129000000000.0,120000000000.0,104000000000.0,86961922765.0,85695861148.0,88256074766.0,95344459279.0,118000000000.0,132000000000.0,137000000000.0,133000000000.0,135000000000.0,143000000000.0,159000000000.0,166000000000.0,147000000000.0,162000000000.0,190000000000.0,184000000000.0,190000000000.0,216000000000.0,259000000000.0,328000000000.0,377000000000.0,416000000000.0,520000000000.0,429000000000.0,528000000000.0,681000000000.0,752000000000.0,770000000000.0,787000000000.0,693000000000.0,689000000000.0,741000000000.0,887000000000.0,889000000000.0,768000000000.0,983000000000.0,1240000000000.0
Sudan,SDN,8951800000.0,10753888154.0,8732542274.0,8230153846.0,10447615385.0,8075259600.0,10092200000.0,12093333333.0,14372555556.0,21408111111.0,33641222222.0,44171194366.0,7031933492.0,8881005436.0,12793794737.0,13830363900.0,9018300725.0,11681175864.0,11250221537.0,10682028340.0,12257299147.0,15716361792.0,18137128388.0,21355298460.0,26646007251.0,35182711988.0,45263831634.0,59440139775.0,64833083257.0,51621044077.0,58962978034.0,55018567211.0,37632919967.0,43024018082.0,49516748618.0,51726758677.0,42630376000.0,41283617976.0,32333780383.0,32338079165.0,27034593750.0,34229513775.0,51666875363.0
Senegal,SEN,4510108291.0,4095892781.0,4013951443.0,3569356125.0,3485165432.0,3818944918.0,5392093446.0,6487353103.0,6418419389.0,6366039373.0,7390967360.0,7255210470.0,7769817840.0,7367986241.0,5034588196.0,6326342633.0,6559712166.0,6041478726.0,6505607909.0,6592834933.0,6013185004.0,6507824829.0,7006402320.0,8768721563.0,10076816667.0,11009033438.0,11697918243.0,13994218413.0,16853989628.0,16145867495.0,16121315909.0,17814283639.0,17660870412.0,18918667725.0,19797253440.0,17774766696.0,19040312333.0,20996562944.0,23116701556.0,23403995992.0,24530513038.0,27520784130.0,27783332223.0
Singapore,SGP,11896256783.0,14175228844.0,16084252378.0,17784112150.0,19749361098.0,19156532746.0,18586746057.0,20919215578.0,25371462488.0,30465364739.0,36144336769.0,45466164978.0,52131320033.0,60603815716.0,73688724431.0,87812540788.0,96293086513.0,100000000000.0,85728207782.0,86286849755.0,96076539926.0,89793790670.0,92538372870.0,97646401096.0,115000000000.0,128000000000.0,149000000000.0,181000000000.0,194000000000.0,194000000000.0,240000000000.0,279000000000.0,295000000000.0,308000000000.0,315000000000.0,308000000000.0,320000000000.0,344000000000.0,377000000000.0,376000000000.0,349000000000.0,437000000000.0,509000000000.0
Solomon Islands,SLB,182852106.5,193750540.7,192902018.7,181220399.0,181570473.8,165524943.5,147620047.7,155128542.4,176494394.0,172882410.6,214877666.8,227540473.3,269034595.8,300746361.1,402837005.3,469443201.5,510586430.2,526554006.0,457579840.2,488024514.4,419842674.2,409508553.0,346406738.9,417668983.4,468005318.6,552864570.2,617258154.3,695295347.6,776337691.8,805557562.6,898133684.9,1063895361.0,1185215418.0,1285911586.0,1335571421.0,1307909888.0,1379490304.0,1469789119.0,1615478393.0,1619155017.0,1536145814.0,1522794913.0,1566360686.0
Sierra Leone,SLE,1100476190.0,1114926661.0,1294995964.0,995278514.6,1087450199.0,856890459.4,490181456.6,660106336.1,1055083933.0,932974420.3,649644097.6,779981987.1,679940813.9,768867883.0,911853802.4,870740291.5,941709422.5,850232760.0,672368187.1,669386624.0,635866403.8,1681473894.0,1933863911.0,2142618046.0,2237350687.0,2545275313.0,3263697467.0,3632957611.0,4157895298.0,3953403098.0,4262805967.0,4861632885.0,6141666509.0,7502762863.0,7686138791.0,6788352975.0,6084297211.0,5749846528.0,6390514689.0,6526183564.0,6693888876.0,7173379137.0,7124465160.0
El Salvador,SLV,3573959900.0,3437200200.0,3399189100.0,3506347800.0,3661683400.0,3800368600.0,3771663200.0,3958045800.0,4189880000.0,4372215300.0,4817542204.0,5252342400.0,5813399300.0,6680269200.0,7679384000.0,8921947100.0,9586327800.0,10221705900.0,10936669900.0,11284197000.0,11784927700.0,12282533600.0,12664190300.0,13243892200.0,13724810900.0,14698000000.0,15999890000.0,17011750000.0,17986890000.0,17601620000.0,18447920000.0,20283780000.0,21386150000.0,21990960000.0,22593470000.0,23438240000.0,24191430000.0,24979190000.0,26020850000.0,26881140000.0,24921190000.0,29043140000.0,31870120000.0
Somalia,SOM,602515548.5,699302473.1,774578932.0,735408641.8,787434541.7,875702247.2,916590786.3,1018972664.0,1051596967.0,1181360844.0,1031282081.0,717974929.8,709297578.5,1260132956.0,1481205098.0,1534756135.0,1792234297.0,2191749014.0,2962047564.0,3045751528.0,3412797450.0,2252847465.0,2192684135.0,2836724352.0,3859592813.0,4683246454.0,5026743282.0,5430713729.0,5913620293.0,2948594552.0,2687807004.0,2906000097.0,4364670160.0,5062881600.0,5728399720.0,6152149100.0,6613743070.0,7621501710.0,7873440830.0,8655023960.0,8628393720.0,9483997390.0,10202767270.0
Sao Tome and Principe,STP,81662231.03,83499263.5,80307762.62,75110289.18,78213795.93,82733069.44,115928906.7,115952925.5,99000764.39,98545367.04,119297932.8,107484142.7,94861780.62,125742228.8,131338414.6,103695236.8,135188165.7,91920274.24,72285403.84,77302211.92,76198394.82,75951133.38,85171073.88,102085769.1,114582283.9,136450662.4,142775104.1,149146918.9,188021165.0,200668065.0,190021192.5,226455001.2,229371348.2,267041747.6,293119143.2,259999643.0,292267272.2,322002845.2,383717327.8,412976082.6,471229484.6,524402455.5,540809499.2
Suriname,SUR,795000000.0,889000000.0,915000000.0,883500000.0,864000000.0,873000000.0,891000000.0,980000000.0,1161000000.0,542600000.0,388400000.0,448100000.0,404600000.0,428764705.9,605492537.3,691590497.7,861372806.2,926422500.0,1110850000.0,886290697.7,947671969.7,834279357.8,1093574468.0,1274190311.0,1484092538.0,1793410397.0,2626380435.0,2936612022.0,3532969035.0,3875409836.0,4368370998.0,4422276622.0,4980000000.0,5145757576.0,5240606061.0,5126237646.0,3317421648.0,3591679431.0,3996198867.0,4016040575.0,2911807496.0,3107923198.0,3791603200.0
Sweden,SWE,142000000000.0,130000000000.0,114000000000.0,105000000000.0,109000000000.0,114000000000.0,150000000000.0,183000000000.0,207000000000.0,218000000000.0,261000000000.0,274000000000.0,284000000000.0,213000000000.0,229000000000.0,267000000000.0,292000000000.0,268000000000.0,271000000000.0,274000000000.0,263000000000.0,242000000000.0,267000000000.0,334000000000.0,385000000000.0,392000000000.0,423000000000.0,490000000000.0,515000000000.0,434000000000.0,493000000000.0,571000000000.0,550000000000.0,584000000000.0,578000000000.0,502000000000.0,514000000000.0,536000000000.0,551000000000.0,532000000000.0,545000000000.0,637000000000.0,580000000000.0
Eswatini,SWZ,541976852.6,570774824.8,537568059.4,555336145.8,494483408.9,360079419.4,449140318.4,584126092.3,692026454.7,696921542.4,1114694041.0,1156135718.0,1284759928.0,1357189552.0,1419294254.0,1698989464.0,1602741834.0,1716714070.0,1576908856.0,1547888496.0,1738093840.0,1542477309.0,1432221739.0,2197598466.0,2770082792.0,3178112499.0,3291330019.0,3469381231.0,3294084314.0,3580428053.0,4438765086.0,4820478680.0,4886551484.0,4464726181.0,4286015248.0,3909281650.0,3724180911.0,4463673661.0,4644696656.0,4616996145.0,4120621325.0,4785708166.0,4741163885.0
Seychelles,SYC,156783829.5,163750728.2,157211789.7,156098237.0,160992921.0,179691482.7,221147061.3,265212956.8,301985618.1,324333366.5,392163560.9,398307169.9,461409398.9,504230620.6,517570058.2,540733047.7,535250347.1,598966982.4,647287375.8,662838614.9,654212394.3,662064155.9,742134837.5,750847230.1,893012218.2,977899381.8,1081441283.0,1077308814.0,979597394.3,850901620.4,981616542.3,1058918707.0,1089407839.0,1333160407.0,1387577870.0,1432403352.0,1568513348.0,1675370641.0,1784313927.0,1868690097.0,1382551752.0,1487173795.0,2018346589.0
Syrian Arab Republic,SYR,13062420382.0,15518201335.0,16298929011.0,17589277143.0,17503078174.0,16403539893.0,13293205278.0,11356215543.0,10577041645.0,9853395762.0,12308624418.0,12981833333.0,13253565861.0,13695962055.0,10122020000.0,11396706587.0,13789560878.0,14505233463.0,15200846154.0,15873875969.0,18937052543.0,20237024725.0,20669357462.0,21828144686.0,25086950495.0,28858965517.0,33751788856.0,40465318382.0,52557913569.0,54111735629.0,61390830875.0,67539428159.0,43190318033.0,21361254635.0,21502061466.0,16466863117.0,12597854877.0,16369843352.0,21497782868.0,22583045060.0,12047752036.0,14353205678.0,23622827080.0
Chad,TCD,1033002404.0,876937558.3,834369859.7,832415806.0,919103734.9,1033069709.0,1067828246.0,1163426852.0,1482597298.0,1433686312.0,1738605558.0,1877137982.0,1881847670.0,1463251164.0,1179837963.0,1445919895.0,1607345356.0,1544689577.0,1744794531.0,1534673583.0,1388506772.0,1710843377.0,1997005709.0,2742815072.0,4422855661.0,8655892393.0,9709626596.0,10865385132.0,13385593990.0,12317614054.0,14058506664.0,16685349674.0,17892228570.0,17865316886.0,18144336904.0,14559599500.0,13026289836.0,13349041409.0,15327000249.0,14905517743.0,14932897821.0,16871937698.0,17828508290.0
Togo,TGO,1604836916.0,1359026709.0,1160337039.0,1081387265.0,1014170069.0,1076604520.0,1498219579.0,1763978066.0,1947208354.0,1910635575.0,2299665506.0,2262767860.0,2390796916.0,1741944426.0,1387662121.0,1849110468.0,2069506014.0,2116818623.0,2241650112.0,2226577204.0,2106848752.0,2093498674.0,2410199032.0,2987984051.0,3191561509.0,3221910408.0,3320907722.0,3759964943.0,4578849658.0,4721890900.0,4746389532.0,5422442166.0,5413544658.0,6021732977.0,6393318262.0,5755461035.0,6071170959.0,6387422518.0,7029300383.0,6992700101.0,7400284168.0,8342243646.0,8169476149.0
Thailand,THA,32353514989.0,34846039194.0,36589772404.0,40042798388.0,41797647776.0,38900711333.0,43096773981.0,50535446555.0,61667253471.0,72250748100.0,85343190719.0,98234714971.0,111000000000.0,129000000000.0,147000000000.0,169000000000.0,183000000000.0,150000000000.0,114000000000.0,127000000000.0,126000000000.0,120000000000.0,134000000000.0,152000000000.0,173000000000.0,189000000000.0,222000000000.0,263000000000.0,291000000000.0,282000000000.0,341000000000.0,371000000000.0,398000000000.0,420000000000.0,407000000000.0,401000000000.0,413000000000.0,456000000000.0,507000000000.0,544000000000.0,500000000000.0,506000000000.0,496000000000.0
Tonga,TON,53260077.43,62242013.33,62068161.07,60863963.96,64248354.54,60058663.31,68195855.61,81667133.45,106657267.4,106344855.0,113563821.6,132201141.4,137066290.6,138489884.4,195990986.2,208871665.7,222100576.3,214991452.3,191504892.8,199208717.5,204848487.8,181117230.4,182764280.8,202246591.2,230678011.4,261823805.4,292232703.3,298519623.3,344438844.3,312415028.4,366887375.0,414143828.5,471122971.3,451788498.3,440997734.9,437525538.9,420828254.5,459976847.1,489714529.8,494197854.0,496856303.9,518228028.7,518180029.4
Trinidad and Tobago,TTO,6235833333.0,6992083333.0,8140416667.0,7763750000.0,7757083333.0,7375918367.0,4794444444.0,4797777778.0,4496910569.0,4323058824.0,5068000000.0,5307905882.0,5439552941.0,4669491134.0,4947181646.0,5329217747.0,5759570336.0,5737771523.0,6043686654.0,6808982521.0,8154342116.0,8824849191.0,9008298229.0,11305459802.0,13280291990.0,15982389018.0,18369361094.0,21641620050.0,27871587350.0,19172165226.0,22157920592.0,25433007437.0,27147349937.0,28560536917.0,29474180442.0,26841143095.0,23624333664.0,23847765529.0,23888910152.0,23588037787.0,20991339707.0,24177305760.0,28510328245.0
Tunisia,TUN,8744134354.0,8428445294.0,8133580052.0,8350582748.0,8254541195.0,8410226053.0,9017806654.0,9696715911.0,10096245762.0,10101851745.0,12290568182.0,13074782609.0,15496708060.0,14608335608.0,15633174304.0,18030876599.0,19587161807.0,20746210354.0,21802893587.0,22943202175.0,21473528161.0,22065832449.0,23141616605.0,27453902261.0,31183885241.0,32272186695.0,34376664601.0,38915353867.0,44859439902.0,43455740497.0,46206091938.0,48123325825.0,47311401813.0,48685446414.0,50271812921.0,45779494042.0,44360072680.0,42163530591.0,42686504460.0,41905642419.0,42491780918.0,47073234359.0,44948769171.0
Turkiye,TUR,68823684211.0,71180180180.0,64369325153.0,61803555556.0,59937602180.0,67232758621.0,75673037037.0,87190081680.0,90875175809.0,107000000000.0,151000000000.0,151000000000.0,159000000000.0,180000000000.0,131000000000.0,169000000000.0,181000000000.0,190000000000.0,276000000000.0,256000000000.0,274000000000.0,202000000000.0,240000000000.0,315000000000.0,409000000000.0,506000000000.0,557000000000.0,681000000000.0,770000000000.0,649000000000.0,777000000000.0,839000000000.0,881000000000.0,958000000000.0,939000000000.0,864000000000.0,870000000000.0,859000000000.0,779000000000.0,761000000000.0,720000000000.0,820000000000.0,907000000000.0
Tuvalu,TUV,4206128.134,4773017.532,4118945.162,4152550.304,4481977.903,3862851.883,4574706.212,5020513.499,7011059.371,8454523.247,9542900.901,10127313.91,10535028.14,10414399.96,11772610.66,11922614.2,13338597.33,13734210.1,13795146.21,14800503.26,15073975.53,13964732.33,16842672.6,19456338.03,22798274.98,22909979.82,24096875.46,28450168.69,31874434.86,28076983.97,32105408.48,39196957.49,39345579.47,38615890.63,38760982.65,36811936.08,41629064.22,45276595.35,48015259.88,54123198.57,51746594.31,60196405.71,59065982.09
Tanzania,TZA,11409228087.0,13161540378.0,13927383240.0,14049883809.0,12906635133.0,15328295175.0,10840864521.0,7824193222.0,7406614407.0,6418799007.0,6184384225.0,7197768159.0,6681997469.0,6182872708.0,6550480484.0,7631431840.0,9433528150.0,11158197942.0,12172790056.0,12704334196.0,13371767082.0,13563990022.0,14129651896.0,15211487709.0,16673062473.0,18395383647.0,18619859795.0,21860434823.0,27947821398.0,29400573554.0,32012892919.0,34657140096.0,39650394363.0,45648857242.0,49986726461.0,47413919817.0,49774409374.0,53274884533.0,57003712892.0,61026731926.0,66068737786.0,70655628148.0,75769974505.0
Uganda,UGA,1244610000.0,1337300000.0,2177500000.0,2240333333.0,3615647477.0,3519695444.0,3923244050.0,6269522042.0,6508931652.0,5276480799.0,4304399310.0,3321729160.0,2857457762.0,3220439044.0,3990430447.0,5755818842.0,6044585327.0,6269333313.0,6584815847.0,5998563258.0,6193246837.0,5840503869.0,6178563591.0,6606884275.0,7939487548.0,9239221763.0,9977647683.0,11902564495.0,14440404132.0,25127805567.0,26673441431.0,27871725241.0,27305915911.0,28915786517.0,32612397257.0,32387183730.0,29203988696.0,30744473841.0,32927025620.0,35353061008.0,37600368240.0,40529788744.0,45565333216.0
Uruguay,URY,10163020116.0,11048301421.0,9178780077.0,5102276308.0,4850238550.0,4732017873.0,5880112788.0,7367494080.0,8213538369.0,8438951476.0,9298807850.0,11206176651.0,12878148791.0,15002136971.0,17474588896.0,19297663097.0,20515458114.0,23969739234.0,25385886978.0,23983945191.0,22823270892.0,20898761742.0,13606515723.0,12045638352.0,13686329890.0,17362857684.0,19741420740.0,23797773024.0,31119602539.0,32708319078.0,41950361212.0,50342406067.0,54232266359.0,61337621934.0,61496186974.0,57680327999.0,57480787465.0,65005997963.0,65344577416.0,62222313619.0,53559359262.0,60739084241.0,70594110920.0
United States,USA,2860000000000.0,3210000000000.0,3340000000000.0,3630000000000.0,4040000000000.0,4340000000000.0,4580000000000.0,4860000000000.0,5240000000000.0,5640000000000.0,5960000000000.0,6160000000000.0,6520000000000.0,6860000000000.0,7290000000000.0,7640000000000.0,8070000000000.0,8580000000000.0,9060000000000.0,9630000000000.0,10300000000000.0,10600000000000.0,10900000000000.0,11500000000000.0,12200000000000.0,13000000000000.0,13800000000000.0,14500000000000.0,14800000000000.0,14500000000000.0,15000000000000.0,15600000000000.0,16300000000000.0,16900000000000.0,17600000000000.0,18300000000000.0,18800000000000.0,19600000000000.0,20700000000000.0,21500000000000.0,21400000000000.0,23700000000000.0,26000000000000.0
St. Vincent and the Grenadines,VCT,82340339.63,102086539.3,113759203.3,122255349.6,135024987.8,145641705.2,160846656.7,175580647.4,200726712.6,214745002.2,240366666.7,254829629.6,277955555.6,286307407.4,289437037.0,316007407.4,331488888.9,347770370.4,373618518.5,390718518.5,427946037.0,462072333.3,487763851.9,509090888.9,549900185.2,579948925.9,643501148.1,713596666.7,732663259.3,714300259.3,720447888.9,713796370.4,730032592.6,764781259.3,770900000.0,786555555.6,814303703.7,844040740.7,884329629.6,910481481.5,864566666.7,888677777.8,989188888.9
Vanuatu,VUT,121185497.6,113781795.8,114501912.5,117389554.2,144482515.4,131856420.7,126498935.3,139464173.5,158351368.4,154013202.1,168879207.2,201334169.1,209088824.6,200491853.2,233701301.5,249333250.1,261370044.5,272771209.1,262293410.7,268006972.7,272014627.8,257926881.7,262596535.5,314471413.0,364996869.1,394962433.0,439358586.5,516392922.5,590748429.4,592622319.1,670712979.7,770153588.2,747839697.7,758304466.2,773717010.5,759690181.0,804323576.9,880043284.4,914727908.1,936526267.6,909421043.5,982362211.9,1030654208.0
Samoa,WSM,125747038.0,118190654.7,121221651.6,111862823.6,109200934.3,95572172.98,100947848.6,111713922.1,133016065.4,122888609.7,125766269.8,125597205.4,132303041.4,133122897.2,221098106.5,224865731.4,249907868.8,285475591.9,269485244.2,255408060.3,258856139.8,266299591.5,281790134.2,333426188.4,407747565.1,476801793.2,499923757.8,573548459.8,641346191.7,628006115.4,680260907.2,744097050.2,773141661.2,797736334.3,796683519.6,824150498.7,843924796.7,884844384.5,878448433.4,912950466.1,868898358.3,843923638.7,832945205.6
South Africa,ZAF,89411864402.0,93141472164.0,85904057409.0,96204110942.0,84870163366.0,64459376087.0,73354771399.0,96535763418.0,104000000000.0,108000000000.0,126000000000.0,135000000000.0,147000000000.0,147000000000.0,154000000000.0,172000000000.0,163000000000.0,169000000000.0,153000000000.0,152000000000.0,152000000000.0,135000000000.0,129000000000.0,197000000000.0,256000000000.0,289000000000.0,304000000000.0,333000000000.0,316000000000.0,330000000000.0,417000000000.0,458000000000.0,434000000000.0,401000000000.0,381000000000.0,347000000000.0,324000000000.0,381000000000.0,405000000000.0,389000000000.0,338000000000.0,421000000000.0,407000000000.0
Zambia,ZMB,3884530854.0,4008126497.0,3871117093.0,3321048451.0,2719518933.0,2252454500.0,1664413508.0,2265250972.0,3728878149.0,3994673161.0,3288381797.0,3376806697.0,3182810841.0,3273505344.0,3656806166.0,3806983413.0,3597220962.0,4303288480.0,3537741942.0,3404284891.0,3600632111.0,4094441301.0,4193850445.0,4901869764.0,6221110219.0,8331870169.0,12756858899.0,14056957976.0,17910858638.0,15328342304.0,20265559484.0,23459515276.0,25503060420.0,28037239463.0,27141023558.0,21251216799.0,20958412538.0,25873601261.0,26311507274.0,23308667781.0,18137764931.0,22096416932.0,29163782140.0
Zimbabwe,ZWE,6678868738.0,8011374445.0,8539701388.0,7764067625.0,6352126411.0,5637259754.0,6217524201.0,6741215643.0,7814784729.0,8286323367.0,8783817407.0,8641482396.0,6751472744.0,6563813829.0,6890675555.0,7111271273.0,8553147289.0,8529572287.0,6401968715.0,6858013652.0,6689958139.0,6777385246.0,6342116911.0,5727592261.0,5805598867.0,5755215663.0,5443896938.0,5291950526.0,4415703156.0,9665815601.0,12041602762.0,14101801031.0,17114762914.0,19091004042.0,19495547523.0,19963058858.0,20548759858.0,51074726484.0,34156057417.0,25715657177.0,26868564055.0,27240507842.0,32789657378.0
