Country Name,Country Code,Indicator Name,Indicator Code,1980,1981,1982,1983,1984,1985,1986,1987,1988,1989,1990,1991,1992,1993,1994,1995,1996,1997,1998,1999,2000,2001,2002,2003,2004,2005,2006,2007,2008,2009,2010,2011,2012,2013,2014,2015,2016,2017,2018,2019,2020,2021,2022,2023,2024
Aruba,ABW,"Population, total",SP.POP.TOTL,59909.0,60563.0,61276.0,62228.0,62901.0,61728.0,59931.0,59159.0,59331.0,60443.0,62753,65896,69005,73685,77595,79805,83021,86301,88451,89659,90588,91439,92074,93128,95138,97635,99405,100150,100917,101604,101838,102591,104110,105675,106807,107906,108727,108735,108908,109203,108587,107700,107310,107359,107624
Afghanistan,AFG,"Population, total",SP.POP.TOTL,13169311.0,11937581.0,10991378.0,10917982.0,11190221.0,11426852.0,11420074.0,11387818.0,11523298.0,11874088.0,12045660,12238879,13278974,14943172,16250794,17065836,17763266,18452091,19159996,19887785,20130327,20284307,21378117,22733049,23560654,24404567,25424094,25909852,26482622,27466101,28284089,29347708,30560034,31622704,32792523,33831764,34700612,35688935,36743039,37856121,39068979,40000412,40578842,41454761,42647492
Angola,AGO,"Population, total",SP.POP.TOTL,8133872.0,8435607.0,8751648.0,9082983.0,9425917.0,9779120.0,10139450.0,10497858.0,10861291.0,11238562.0,11626360,12023529,12423712,12827135,13249764,13699778,14170973,14660413,15159370,15667235,16194869,16747208,17327699,17943712,18600423,19291161,20015279,20778561,21578655,22414773,23294825,24218352,25177394,26165620,27160769,28157798,29183070,30234839,31297155,32375632,33451132,34532429,35635029,36749906,37885849
Albania,ALB,"Population, total",SP.POP.TOTL,2671997.0,2726056.0,2784278.0,2843960.0,2904429.0,2964762.0,3022635.0,3083605.0,3142336.0,3227943.0,3286542,3266790,3247039,3227287,3207536,3187784,3168033,3148281,3128530,3108778,3089027,3060173,3051010,3039616,3026939,3011487,2992547,2970017,2947314,2927519,2913021,2905195,2900401,2895092,2889104,2880703,2876101,2873457,2866376,2854191,2837849,2811666,2777689,2745972,2714617
Andorra,AND,"Population, total",SP.POP.TOTL,35782.0,37169.0,38764.0,40565.0,42273.0,43825.0,45734.0,47653.0,49416.0,50620.0,52597,56667,60200,63272,64612,63912,63984,64700,65382,65710,65685,65852,66506,69486,74325,77421,79585,81877,83495,83888,80706,77783,76834,75194,73737,72174,72181,73763,75162,76474,77380,78364,79705,80856,81938
United Arab Emirates,ARE,"Population, total",SP.POP.TOTL,1015700.0,1099855.0,1166370.0,1235305.0,1305996.0,1377911.0,1467383.0,1574244.0,1681788.0,1789851.0,1898220,2006626,2114730,2222093,2328188,2434662,2597564,2817410,3040421,3266009,3493575,3723590,3956826,4192457,4428967,4664790,5009100,5624635,6302664,6707058,6869838,7104538,7391448,7693031,8059440,8505237,8935095,9223225,9346701,9445785,9401038,9575152,10074977,10483751,10876981
Argentina,ARG,"Population, total",SP.POP.TOTL,28011596.0,28463959.0,28924262.0,29391332.0,29863093.0,30336441.0,30811980.0,31291762.0,31780532.0,32270948.0,32755901,33230294,33693527,34152717,34613491,35070020,35513793,35947791,36372860,36794682,37213984,37624825,38029349,38424282,38815916,39216789,39622115,40016763,40424148,40854831,41288694,41730660,42161721,42582455,43024071,43477012,43900313,44288894,44654882,44973465,45191965,45312281,45407904,45538401,45696159
Armenia,ARM,"Population, total",SP.POP.TOTL,3107415.0,3135349.0,3163144.0,3191539.0,3224547.0,3260432.0,3294847.0,3328520.0,3355125.0,3443100.0,3552128,3613977,3571861,3453332,3364610,3307581,3278735,3246289,3208401,3167286,3221100,3211800,3199800,3182500,3164900,3146400,3127100,3107400,3087100,3066000,3044800,3027900,3024100,3022000,3013800,3004600,2992300,2979400,2969000,2962500,2961500,2962300,2969200,2964300,3033500
American Samoa,ASM,"Population, total",SP.POP.TOTL,32403.0,33584.0,34909.0,36271.0,37667.0,39103.0,40571.0,42072.0,43615.0,45191.0,46640,47882,49038,50159,51251,52316,53353,54362,55334,56248,56855,57053,57062,56971,56818,56617,56374,56113,55828,55528,55228,54895,54489,54006,53466,52878,52245,51586,50908,50209,49761,49225,48342,47521,46765
Antigua and Barbuda,ATG,"Population, total",SP.POP.TOTL,64513.0,64665.0,64785.0,64934.0,64882.0,64591.0,64276.0,63946.0,63623.0,63325.0,63066,63387,64404,65587,66843,68189,69612,71053,72412,73666,74912,76069,77032,77884,78719,79611,80604,81704,82912,84173,85320,86332,87260,88064,88765,89409,89969,90468,90926,91364,91846,92349,92840,93316,93772
Australia,AUS,"Population, total",SP.POP.TOTL,14692000.0,14923260.0,15184247.0,15393472.0,15579391.0,15788312.0,16018350.0,16263874.0,16532164.0,16814416.0,17065128,17284036,17478635,17634808,17805468,18004882,18224767,18423037,18607584,18812264,19028802,19274701,19495210,19720737,19932722,20176844,20450966,20827622,21249199,21691653,22031750,22340024,22733465,23128129,23475686,23815995,24190907,24592588,24963258,25334826,25649248,25685412,26014399,26652777,27204809
Austria,AUT,"Population, total",SP.POP.TOTL,7549433.0,7568710.0,7574140.0,7561910.0,7561434.0,7564985.0,7569794.0,7574586.0,7585317.0,7619567.0,7677850,7754891,7840709,7905633,7936118,7948278,7959017,7968041,7976789,7992324,8011566,8042293,8081957,8121423,8171966,8227829,8268641,8295487,8321496,8343323,8363404,8391643,8429991,8479823,8546356,8642699,8736668,8797566,8840521,8879920,8916864,8955797,9041851,9131761,9178482
Azerbaijan,AZE,"Population, total",SP.POP.TOTL,6160500.0,6257750.0,6357550.0,6459800.0,6567850.0,6670150.0,6770300.0,6875350.0,6974600.0,7076550.0,7175200,7271300,7382050,7494800,7596550,7684850,7763000,7838250,7913000,7982750,8048600,8111200,8171950,8234100,8306500,8391850,8484550,8581300,8763400,8947243,9054332,9173082,9295784,9416801,9535079,9649341,9757812,9854033,9939771,10024283,10093121,10137750,10141756,10153958,10202850
Burundi,BDI,"Population, total",SP.POP.TOTL,4383706.0,4566014.0,4681390.0,4808528.0,4926465.0,5034042.0,5129414.0,5247787.0,5365327.0,5471706.0,5587052,5703857,5858407,5676843,5713854,6066316,6070506,6070042,6187108,6337155,6470194,6634365,6824132,7043154,7310656,7587299,7865547,8161874,8505637,8947646,9376444,9717978,10071028,10439341,10799785,11047580,11239451,11506762,11859446,12255336,12617036,12965481,13321097,13689450,14047786
Belgium,BEL,"Population, total",SP.POP.TOTL,9859242.0,9858982.0,9856303.0,9855520.0,9855372.0,9858308.0,9861823.0,9870234.0,9901664.0,9937697.0,9967379,10004486,10045158,10084475,10115603,10136811,10156637,10181245,10203008,10226419,10251250,10286570,10332785,10376133,10421137,10478617,10547958,10625700,10709973,10796493,10895586,11038264,11106932,11159407,11209057,11274196,11331422,11375158,11427054,11488980,11538604,11586195,11680210,11787423,11876844
Benin,BEN,"Population, total",SP.POP.TOTL,3925251.0,4038307.0,4156596.0,4278978.0,4405895.0,4538012.0,4675420.0,4818486.0,4967341.0,5121657.0,5281479,5446932,5617844,5872706,6096506,6226773,6391858,6583365,6789489,7002818,7221619,7445596,7675426,7913070,8159094,8426144,8693242,8953969,9228466,9509423,9797484,10093623,10397657,10708834,11030004,11360681,11697842,12039780,12383347,12726755,13070169,13413417,13759501,14111034,14462724
Burkina Faso,BFA,"Population, total",SP.POP.TOTL,6947900.0,7140271.0,7340197.0,7551129.0,7772256.0,7999935.0,8228847.0,8457109.0,8687435.0,8921175.0,9159356,9394632,9629275,9871713,10123798,10386722,10655942,10934223,11240664,11574928,11925546,12295001,12680897,13082532,13500533,13932123,14373707,14816307,15258093,15710066,16176498,16661908,17172287,17695409,18229461,18777487,19334856,19894407,20438288,20961952,21478690,21995243,22509038,23025776,23548781
Bangladesh,BGD,"Population, total",SP.POP.TOTL,88016432.0,90303105.0,92814507.0,95335155.0,97814966.0,100253825.0,102635572.0,104959291.0,107216008.0,109433799.0,111633717,113787109,115952192,118132360,120343179,122600370,124862179,127198069,129622332,132108065,134544304,136805810,138933658,140970351,142902856,144715786,146405973,147989278,149474264,150873714,152201981,153591076,155070101,156532141,157964929,159383179,160811932,162186147,163523103,164913055,166298024,167658854,169384897,171466990,173562364
Bulgaria,BGR,"Population, total",SP.POP.TOTL,8861535.0,8891117.0,8917457.0,8939738.0,8960679.0,8960547.0,8958171.0,8971359.0,8981446.0,8876972.0,8718289,8632367,8540164,8472313,8443591,8406067,8362826,8312068,8256786,8210624,8170172,8009142,7837161,7775327,7716860,7658972,7601022,7545338,7492561,7444443,7395599,7348328,7305888,7160005,7073572,6984225,6894139,6803468,6710798,6616726,6550696,6507301,6465097,6446596,6444366
Bahrain,BHR,"Population, total",SP.POP.TOTL,358978.0,373524.0,386983.0,400707.0,415154.0,430358.0,446286.0,462854.0,479929.0,497327.0,514797,503052,516458,530225,544366,558879,573792,589115,604842,620989,637582,661316,710553,764517,823741,888822,960424,1039295,1103496,1178415,1228543,1195020,1208964,1253191,1314562,1370322,1423726,1501116,1503091,1483756,1472204,1504365,1524693,1577059,1588670
"Bahamas, The",BHS,"Population, total",SP.POP.TOTL,232526.0,236614.0,240614.0,244698.0,248863.0,253154.0,257536.0,261935.0,266448.0,271178.0,275945,280731,285927,291339,296509,301461,306268,310904,315368,319614,323835,327836,331614,335618,339782,343894,348375,353334,358120,362810,367478,371729,375469,378953,382298,385346,388055,390485,392717,394675,395863,396373,397538,399440,401283
Bosnia and Herzegovina,BIH,"Population, total",SP.POP.TOTL,4148426.0,4184217.0,4221100.0,4258728.0,4295536.0,4330364.0,4362115.0,4390246.0,4414404.0,4433983.0,4448652,4458343,4234616,3904482,3725412,3715564,3875246,4018227,4089356,4130305,4159771,4179438,4188002,4178523,4140987,4096493,4063272,4013424,3947544,3879794,3811472,3741798,3670113,3610859,3564829,3518541,3473003,3428682,3387000,3345533,3299349,3244907,3204802,3185073,3164253
Belarus,BLR,"Population, total",SP.POP.TOTL,9643000.0,9710000.0,9776000.0,9843000.0,9910000.0,9975000.0,10043000.0,10111000.0,10140000.0,10170000.0,10189348,10194050,10216470,10239050,10226955,10193831,10159569,10117433,10071963,10026738,9979610,9928549,9865548,9796749,9730146,9663915,9604924,9560953,9527985,9504583,9483836,9461643,9446836,9443211,9448515,9461076,9469379,9458989,9438785,9419758,9379952,9302585,9228071,9178298,9133712
Belize,BLZ,"Population, total",SP.POP.TOTL,145062.0,148786.0,152548.0,156297.0,160044.0,163796.0,167554.0,171338.0,175180.0,179107.0,183076,187040,190983,194902,199097,204146,210310,217446,225173,233059,240799,248379,256009,263780,271688,279731,287878,296100,304361,312614,320245,327298,334414,341627,348923,356333,364705,373202,380226,385829,390812,395346,402733,411106,417072
Bermuda,BMU,"Population, total",SP.POP.TOTL,53673.0,53997.0,54387.0,54777.0,55169.0,55547.0,55889.0,56265.0,56699.0,57129.0,57559,57984,58407,58816,59194,59526,59813,60177,60639,61124,61550,61867,62142,62386,62555,62711,62834,63010,63300,63565,63725,63733,63646,63574,63529,63464,63449,63578,63831,64107,64382,64648,64749,64698,64636
Bolivia,BOL,"Population, total",SP.POP.TOTL,5758900.0,5888109.0,6018088.0,6149060.0,6281868.0,6416185.0,6552479.0,6692162.0,6835508.0,6981766.0,7130142,7280289,7430336,7579195,7727322,7874676,8021736,8167900,8313394,8459806,8606326,8752736,8900355,9050700,9204287,9360754,9521689,9685960,9850858,10016275,10182345,10348929,10515807,10682608,10848888,11014705,11180020,11344587,11508368,11671386,11816299,11937360,12077154,12244159,12413315
Brazil,BRA,"Population, total",SP.POP.TOTL,121207461.0,124063109.0,126923155.0,129790077.0,132658864.0,135515595.0,138336370.0,141104944.0,143826357.0,146502972.0,149143223,151724256,154275079,156794577,159265006,161735073,164202549,166661659,169159655,171641543,174018282,176301203,178503484,180622688,182675143,184688101,186653106,188552320,190367302,192079951,193701929,195284734,196876111,198478299,200085127,201675532,203218114,204703445,206107261,207455459,208660842,209550294,210306415,211140729,211998573
Barbados,BRB,"Population, total",SP.POP.TOTL,251524.0,252270.0,253095.0,253992.0,254920.0,255820.0,256618.0,257279.0,257763.0,258109.0,258582,259373,260267,261027,261620,262039,262284,262392,262436,262517,262063,262425,264148,265776,267298,268706,270002,271288,272714,274123,275243,276139,276938,277665,278348,278990,279598,280171,280711,281207,281698,282147,282318,282336,282467
Brunei Darussalam,BRN,"Population, total",SP.POP.TOTL,186111.0,191977.0,198165.0,204741.0,211661.0,218919.0,226495.0,233860.0,240913.0,248064.0,255292,262596,269839,276971,284091,291195,298276,305341,312385,319411,326424,333345,340099,346637,352911,358916,364663,370873,377793,384952,392332,399389,405557,411202,416750,422212,427564,432772,437810,442680,447404,451721,455370,458949,462721
Bhutan,BTN,"Population, total",SP.POP.TOTL,433404.0,447836.0,462485.0,477460.0,492784.0,508392.0,524324.0,540557.0,556986.0,573586.0,589287,599784,577774,554673,554497,547989,548784,558697,569435,582579,596863,610794,624409,637663,650544,661865,670799,678641,686351,693988,701632,709377,717279,725273,733139,740618,747866,754335,759759,764824,770006,775442,780914,786385,791524
Botswana,BWA,"Population, total",SP.POP.TOTL,937485.0,969996.0,1009269.0,1046137.0,1083660.0,1121945.0,1160650.0,1199167.0,1235476.0,1270274.0,1305696,1341756,1380033,1420115,1460023,1498836,1535914,1571691,1606899,1641997,1677382,1712254,1744763,1775736,1807146,1839877,1874516,1911201,1949970,1990673,2033111,2073535,2108617,2140682,2172044,2203273,2234776,2266747,2299141,2332083,2365894,2401441,2439892,2480244,2521139
Central African Republic,CAF,"Population, total",SP.POP.TOTL,2450535.0,2478402.0,2507375.0,2537399.0,2568610.0,2600932.0,2634258.0,2669155.0,2713965.0,2783970.0,2871910,2963191,3058831,3157839,3257954,3348052,3435965,3531700,3628827,3729450,3833416,3919487,4006077,4103086,4192826,4288810,4377579,4462770,4558984,4529047,4492995,4565021,4610848,4642419,4623182,4629320,4713663,4793511,4878657,4944703,5026628,5112100,5098039,5152421,5330690
Canada,CAN,"Population, total",SP.POP.TOTL,24515667.0,24819915.0,25116942.0,25366451.0,25607053.0,25842116.0,26100278.0,26446601.0,26791747.0,27276781.0,27691138,28037420,28371264,28684764,29000663,29302311,29610218,29905948,30155173,30401286,30685730,31020855,31359199,31642461,31938807,32242732,32571193,32888886,33247298,33630069,34005902,34339221,34713395,35080992,35434066,35704498,36110803,36545075,37072620,37618495,38028638,38239864,38935934,40083484,41288599
Switzerland,CHE,"Population, total",SP.POP.TOTL,6319408.0,6354074.0,6391309.0,6418773.0,6441865.0,6470365.0,6504124.0,6545106.0,6593386.0,6646912.0,6715519,6799978,6875364,6938265,6993795,7040687,7071850,7088906,7110001,7143991,7184250,7229854,7284753,7339001,7389625,7437115,7483934,7551117,7647675,7743831,7824909,7912398,7996861,8089346,8188649,8282396,8373338,8451840,8514329,8575280,8638167,8704546,8777088,8888093,9034102
Channel Islands,CHI,"Population, total",SP.POP.TOTL,130462.0,131078.0,132172.0,133413.0,134727.0,136075.0,137413.0,138743.0,140089.0,141501.0,143087,144269,144733,144984,145163,145247,145565,146214,146906,147554,148110,148850,149881,150960,152039,153126,154214,155309,156408,157511,158621,159706,160767,161777,162726,163454,163883,164319,164949,165639,166235,166741,167215,167691,168126
Chile,CHL,"Population, total",SP.POP.TOTL,11508550.0,11678717.0,11850214.0,12026138.0,12207733.0,12395274.0,12588914.0,12790150.0,12999424.0,13215005.0,13437176,13662491,13884577,14102276,14316256,14527381,14734046,14932434,15127799,15319313,15503635,15683849,15857925,16024752,16187322,16348778,16509195,16671581,16838988,17009731,17181464,17351816,17519119,17687006,17864195,18047625,18267221,18558868,18893191,19197744,19370624,19456334,19553036,19658835,19764771
China,CHN,"Population, total",SP.POP.TOTL,981235000.0,993885000.0,1008630000.0,1023310000.0,1036825000.0,1051040000.0,1066790000.0,1084035000.0,1101630000.0,1118650000.0,1135185000,1150780000,1164970000,1178440000,1191835000,1204855000,1217550000,1230075000,1241935000,1252735000,1262645000,1271850000,1280400000,1288400000,1296075000,1303720000,1311020000,1317885000,1324655000,1331260000,1337705000,1345035000,1354190000,1363240000,1371860000,1379860000,1387790000,1396215000,1402760000,1407745000,1411100000,1412360000,1412175000,1410710000,1408975000
Cote d'Ivoire,CIV,"Population, total",SP.POP.TOTL,8220714.0,8556596.0,8907936.0,9272744.0,9650516.0,10040483.0,10440917.0,10851475.0,11275189.0,11719771.0,12189778,12683870,13200310,13735951,14287201,14855565,15442312,16047170,16663948,17215935,17699004,18178913,18654771,19125542,19595000,20068458,20546802,21030558,21514439,21997940,22488065,22982000,23467078,23939775,24527395,25246342,25989405,26733372,27464173,28193009,28915449,29639736,30395002,31165654,31934230
Cameroon,CMR,"Population, total",SP.POP.TOTL,8512219.0,8816377.0,9028678.0,9215397.0,9475078.0,9761730.0,10060342.0,10370749.0,10684968.0,11002745.0,11331821,11667180,12006353,12353131,12704903,13058516,13414757,13775214,14144860,14525140,14912631,15309490,15725528,16160340,16610487,17074594,17550407,18049896,18574056,19113974,19668066,20232304,20809529,21402376,22059893,22763414,23454161,24128601,24806383,25506095,26210558,26915758,27632771,28372687,29123744
"Congo, Dem. Rep.",COD,"Population, total",SP.POP.TOTL,26711099.0,27500515.0,28338190.0,29250963.0,30245081.0,31264816.0,32265196.0,33298904.0,34382752.0,35486866.0,36684063,37925817,39228910,40656336,42626876,44433704,45296124,46029902,47297600,48912971,50507442,52132646,53750524,55343867,56997741,58775724,60615908,62477752,64390664,66412044,68563038,70849311,73254618,75789395,78403242,81035531,83956415,87083398,90047644,92947442,95989998,99148932,102396968,105789731,109276265
"Congo, Rep.",COG,"Population, total",SP.POP.TOTL,1828985.0,1869759.0,1910430.0,1950321.0,1999528.0,2059311.0,2120602.0,2183473.0,2247653.0,2313558.0,2380560,2449229,2519465,2595124,2673144,2749461,2826785,2887862,2952061,3032874,3151345,3272537,3350771,3445753,3565554,3696393,3837409,3980430,4113517,4281219,4462290,4609724,4740450,4857099,4975880,5097581,5222536,5351011,5483118,5616661,5752791,5892183,6035104,6182885,6332961
Colombia,COL,"Population, total",SP.POP.TOTL,26104498.0,26713267.0,27338331.0,27988173.0,28642690.0,29268470.0,29879112.0,30499467.0,31130524.0,31776279.0,32440069,33098372,33760571,34441473,35127410,35804662,36462745,37121149,37792165,38454863,39089934,39709262,40324680,40937429,41543171,42128977,42691084,43235374,43758808,44271541,44777319,45259614,45715810,46151584,46565429,46969940,47437512,48131078,49024465,49907985,50629997,51188173,51737944,52321152,52886363
Comoros,COM,"Population, total",SP.POP.TOTL,337721.0,347382.0,357139.0,367233.0,377637.0,388352.0,399318.0,410439.0,421687.0,433103.0,444596,455556,465113,473682,482142,490586,499107,507777,516597,525886,536080,547220,558923,569798,580704,592677,604753,616927,629307,641947,654836,668056,681630,696192,711503,726682,741741,756669,771590,786578,802163,818174,834188,850387,866628
Cabo Verde,CPV,"Population, total",SP.POP.TOTL,323301.0,327846.0,332724.0,337654.0,342505.0,347365.0,352312.0,357302.0,362329.0,367803.0,375428,384586,393415,401965,410228,418104,425581,432798,439784,446519,453317,460293,467046,473383,479370,485115,490728,496190,501355,506141,509784,511447,511955,512225,512326,512394,512554,512893,513415,514104,514679,516649,519741,522331,524877
Costa Rica,CRI,"Population, total",SP.POP.TOTL,2390633.0,2456637.0,2524806.0,2595153.0,2667595.0,2741894.0,2817216.0,2892699.0,2968103.0,3043827.0,3121706,3202176,3284258,3367434,3451122,3535176,3619013,3701711,3782838,3862101,3937739,4008947,4075705,4138784,4200078,4261240,4321340,4380248,4440056,4499791,4555962,4609833,4663934,4716147,4767119,4818038,4866998,4913177,4957818,4999553,5034320,5059988,5081765,5105525,5129910
Cuba,CUB,"Population, total",SP.POP.TOTL,9804796.0,9849320.0,9912681.0,9991026.0,10073299.0,10157228.0,10244247.0,10335342.0,10432585.0,10533243.0,10631799,10717640,10785801,10841031,10886021,10925362,10962010,10997934,11034712,11072230,11109109,11144132,11177418,11209383,11238756,11262554,11278550,11287272,11291762,11294719,11297409,11301571,11303175,11298167,11285775,11275065,11265612,11247829,11227118,11202846,11176354,11122168,11059820,11019931,10979783
Curacao,CUW,"Population, total",SP.POP.TOTL,148041.0,148629.0,150101.0,151159.0,151940.0,152711.0,152662.0,151456.0,149254.0,146937.0,145400,144403,143912,144299,144630,145139,146306,146956,144472,139428,133860,129047,129205,131897,134192,137658,141239,144056,145880,146833,148703,150831,152088,153822,155909,157980,159664,160175,159336,157441,154947,152369,149996,155800,155900
Cayman Islands,CYM,"Population, total",SP.POP.TOTL,17079.0,17905.0,18750.0,19598.0,20454.0,21324.0,22197.0,23073.0,23951.0,24874.0,25999,27294,28621,29976,31352,32743,34143,35543,36922,38284,39674,41089,42514,43934,45352,46788,48232,49687,51151,52618,54099,55606,57136,58655,60160,61642,63100,64535,65941,67327,68684,70108,71591,73038,74457
Cyprus,CYP,"Population, total",SP.POP.TOTL,683076.0,688893.0,696497.0,707225.0,719334.0,731277.0,743105.0,754785.0,766235.0,777420.0,788351,798944,810341,826034,844667,862695,880290,897568,914548,931234,947667,964127,981440,999590,1017875,1036151,1054418,1072714,1091026,1109371,1127816,1146493,1165397,1183895,1201801,1219502,1237112,1254275,1270737,1286671,1302247,1317309,1331370,1344976,1358282
Czechia,CZE,"Population, total",SP.POP.TOTL,10304193.0,10300591.0,10314826.0,10323856.0,10330213.0,10337118.0,10342227.0,10347318.0,10355276.0,10361068.0,10333355,10308578,10319123,10329855,10333587,10327253,10315241,10304131,10294373,10283860,10255063,10216605,10196916,10193998,10197101,10211216,10238905,10298828,10384603,10443936,10474410,10496088,10510785,10514272,10525347,10546059,10566332,10594438,10629928,10671870,10697858,10505772,10672118,10864042,10882164
Germany,DEU,"Population, total",SP.POP.TOTL,78288576.0,78407907.0,78333366.0,78128282.0,77858685.0,77684873.0,77720436.0,77839920.0,78144619.0,78751283.0,79433029,80013896,80624598,81156363,81438348,81678051,81914831,82034771,82047195,82100243,82211508,82349925,82488495,82534176,82516260,82469422,82376451,82266372,82110097,81902307,81776930,80274983,80425823,80645605,80982500,81686611,82348669,82657002,82905782,83092962,83160871,83196078,83797985,83901923,83510950
Djibouti,DJI,"Population, total",SP.POP.TOTL,325815.0,343047.0,356880.0,369553.0,384053.0,402687.0,426341.0,454399.0,484523.0,523355.0,579538,631092,626010,614245,626710,633074,648348,671817,699352,724218,747318,771313,795574,813519,826124,839167,855764,874528,892734,911527,930251,948558,966747,984824,1002717,1020313,1037653,1054841,1071882,1088709,1105188,1121248,1137096,1152944,1168722
Dominica,DMA,"Population, total",SP.POP.TOTL,73083.0,72986.0,72688.0,72365.0,72056.0,71744.0,71406.0,71023.0,70608.0,70153.0,69627,69296,69325,69433,69477,69469,69410,69299,69124,68870,68511,68288,68367,68531,68649,68734,68806,68847,68854,68864,68859,69053,69118,69715,70373,70410,69606,68496,68174,67880,67573,67202,66826,66510,66205
Denmark,DNK,"Population, total",SP.POP.TOTL,5123027.0,5121572.0,5117810.0,5114297.0,5111619.0,5113691.0,5120534.0,5127024.0,5129516.0,5132594.0,5140939,5154298,5171370,5188628,5206180,5233373,5263074,5284991,5304219,5321799,5339616,5358783,5375931,5390574,5404523,5419432,5437272,5461438,5493621,5523095,5547683,5570572,5591572,5614932,5643475,5683483,5728010,5764980,5793636,5814422,5831404,5856733,5903037,5946952,5976992
Dominican Republic,DOM,"Population, total",SP.POP.TOTL,5729037.0,5868453.0,6007114.0,6147248.0,6289040.0,6430404.0,6571208.0,6712515.0,6855734.0,7002295.0,7151166,7299853,7447474,7594572,7741694,7888115,8032894,8174078,8310362,8446208,8584190,8720283,8852235,8980620,9104892,9225034,9341183,9455658,9573130,9695265,9820175,9945621,10070411,10193833,10315528,10434829,10551430,10666843,10782053,10894043,11008300,11123476,11230734,11331265,11427557
Algeria,DZA,"Population, total",SP.POP.TOTL,18607174.0,19220704.0,19872348.0,20558115.0,21271969.0,22008544.0,22745499.0,23443624.0,24109536.0,24754485.0,25375810,25987928,26628568,27277048,27887279,28470191,29033044,29579301,30054133,30474354,30903893,31331221,31750835,32175818,32628286,33109249,33623506,34189416,34816961,35490445,36188236,36903376,37646166,38414171,39205031,40019529,40850721,41689299,42505035,43294546,44042091,44761099,45477389,46164219,46814308
Ecuador,ECU,"Population, total",SP.POP.TOTL,8165877.0,8386910.0,8611298.0,8840417.0,9074782.0,9311154.0,9545998.0,9779290.0,10010808.0,10241852.0,10473673,10702380,10930128,11154274,11372197,11590514,11810950,12031127,12251184,12470795,12689206,12910740,13138472,13372306,13608701,13846163,14086131,14328773,14575202,14825954,15076695,15326227,15572194,15807128,16035124,16266225,16505139,16759519,17049547,17340021,17546065,17682454,17823897,17980083,18135478
"Egypt, Arab Rep.",EGY,"Population, total",SP.POP.TOTL,43950413.0,45147224.0,46407611.0,47786402.0,49247334.0,50734968.0,52206295.0,53674435.0,55187681.0,56710642.0,58396618,60028997,61480660,62915681,64285589,65652622,67028048,68431740,69943294,71520954,73083284,74652029,76239137,77853548,79477443,81101004,82700403,84276225,85864789,87501636,89196072,91093059,93161001,95333553,97528654,99597342,101644589,103696057,105682094,107553158,109315124,110957008,112618250,114535772,116538258
Eritrea,ERI,"Population, total",SP.POP.TOTL,1605797.0,1649939.0,1695461.0,1736160.0,1771730.0,1807816.0,1845164.0,1888669.0,1938255.0,1987017.0,2032737,1919571,1798748,1856006,1913915,2025267,2128464,2152135,2180419,2212780,2247031,2312079,2392978,2493903,2598284,2661215,2703502,2743222,2816327,2887885,2945186,2998485,3036988,3074360,3095173,3105546,3124698,3150347,3192760,3240194,3291271,3350183,3409447,3470390,3535603
Spain,ESP,"Population, total",SP.POP.TOTL,37491165.0,37758631.0,37986012.0,38171525.0,38330364.0,38469512.0,38584624.0,38684815.0,38766939.0,38827764.0,38867322,38966376,39157685,39361262,39549108,39724050,39889852,40057389,40223509,40386875,40567864,40850412,41431558,42187645,42921895,43653155,44397319,45226803,45954106,46362946,46576897,46742697,46773055,46604197,46460733,46422303,46458139,46571232,46782011,47118501,47359424,47443821,47786102,48347910,48807137
Estonia,EST,"Population, total",SP.POP.TOTL,1477219.0,1487666.0,1498414.0,1508745.0,1518617.0,1528781.0,1540190.0,1552221.0,1561900.0,1568131.0,1569174,1561314,1533091,1494128,1462514,1436634,1415594,1399535,1386156,1390244,1396985,1388115,1379350,1370720,1362550,1354775,1346810,1340680,1337090,1334515,1331475,1327439,1322696,1317997,1314545,1315407,1315790,1317384,1321977,1326898,1329522,1330932,1348840,1370286,1371986
Ethiopia,ETH,"Population, total",SP.POP.TOTL,34428514.0,35304012.0,36701290.0,37740817.0,38735722.0,39842136.0,41037656.0,42460039.0,44150825.0,45879690.0,47609755,49717198,51853747,53708891,55611508,57537335,59467635,61404539,63363524,65374561,67411494,69487762,71635517,73832663,76077206,78367470,80703490,83103217,85543668,88007636,90538514,93149970,95798767,98438751,101115610,103867135,106718162,109666481,112664152,115737383,118917671,122138588,125384287,128691692,132059767
Finland,FIN,"Population, total",SP.POP.TOTL,4779535.0,4799964.0,4826933.0,4855787.0,4881803.0,4902206.0,4918154.0,4932123.0,4946481.0,4964371.0,4986431,5013740,5041992,5066447,5088333,5107790,5124573,5139835,5153498,5165474,5176209,5188008,5200598,5213014,5228172,5246096,5266268,5288720,5313399,5338871,5363352,5388272,5413971,5438972,5461512,5479531,5495303,5508214,5515525,5521606,5529543,5541017,5556106,5583911,5637214
Fiji,FJI,"Population, total",SP.POP.TOTL,641975.0,657471.0,673414.0,689835.0,706716.0,723761.0,739306.0,750540.0,758697.0,766321.0,773316,779656,785346,790369,794771,798746,803789,812139,822258,831828,840909,849596,858049,866286,874366,882379,890365,897832,903399,907239,910419,912989,914918,916352,917585,918578,919166,918759,917180,914899,914963,916711,919422,924145,928784
France,FRA,"Population, total",SP.POP.TOTL,55274184.0,55603353.0,55806789.0,56108330.0,56383085.0,56665619.0,56956002.0,57266167.0,57598186.0,57943062.0,58261012,58554242,58846584,59103094,59324863,59541294,59754504,59968066,60190684,60501986,60918661,61364377,61812142,62249855,62707588,63180854,63622342,64016890,64375116,64706436,65026211,65340830,65657659,65997932,66312067,66548272,66724104,66918020,67158348,67382061,67601110,67842811,68065015,68287487,68516699
Faroe Islands,FRO,"Population, total",SP.POP.TOTL,43072.0,43626.0,44171.0,44670.0,45141.0,45707.0,46131.0,46701.0,47355.0,47958.0,47740,47446,47286,46473,44694,43610,43580,44131,44674,45146,45754,46635,47335,48032,48384,48359,48335,48378,48547,48791,48657,48543,48291,48246,48428,48901,49464,50180,50996,51793,52567,53305,53927,54439,54719
"Micronesia, Fed. Sts.",FSM,"Population, total",SP.POP.TOTL,77407.0,79794.0,82219.0,84680.0,87176.0,89707.0,92266.0,94844.0,97097.0,99003.0,100888,102754,104806,107066,109075,110230,110710,111071,111377,111680,112044,112365,112448,112285,111925,111412,110729,109880,108936,107957,107540,107698,107890,108121,108396,108716,109075,109481,109909,110282,110916,111624,112114,112630,113160
Gabon,GAB,"Population, total",SP.POP.TOTL,748389.0,768385.0,789286.0,811005.0,833501.0,856726.0,880705.0,905479.0,931020.0,957138.0,983734,1010818,1038380,1066405,1094720,1123213,1152015,1181439,1211736,1243016,1275572,1309589,1345135,1382350,1421609,1463495,1508337,1556237,1607175,1661556,1719879,1781985,1846889,1913059,1978399,2040989,2100306,2156900,2212318,2267706,2322539,2376722,2430747,2484789,2538952
United Kingdom,GBR,"Population, total",SP.POP.TOTL,56314216.0,56333829.0,56313641.0,56332848.0,56422072.0,56550268.0,56681396.0,56802050.0,56928327.0,57076711.0,57247586,57424897,57580402,57718614,57865745,58019030,58166950,58316954,58487141,58682466,58892514,59119673,59370479,59647577,59987905,60401206,60846820,61322463,61806995,62276270,62766365,63258810,63711000,64139000,64620000,65088000,65607000,65966000,66289000,66631000,66744000,66984000,67604000,68492000,69226000
Georgia,GEO,"Population, total",SP.POP.TOTL,4467700.0,4504500.0,4542800.0,4582900.0,4622200.0,4662900.0,4704500.0,4743500.0,4790700.0,4803300.0,4802000,4835900,4873500,4911100,4836076,4657722,4491699,4349913,4243607,4157192,4077131,4014373,3978515,3951736,3927340,3902469,3880347,3860158,3848449,3814419,3786695,3756441,3728874,3717668,3719414,3725276,3727505,3728004,3726549,3720161,3722716,3708610,3712502,3715483,3673850
Ghana,GHA,"Population, total",SP.POP.TOTL,11941448.0,12281712.0,12643819.0,13029836.0,13370590.0,13661229.0,13965217.0,14289108.0,14636568.0,15006813.0,15394648,15787496,16184855,16589519,16993190,17399017,17810181,18238958,18688036,19149864,19637087,20167069,20729388,21296705,21868298,22449438,23040702,23642279,24249946,24862664,25474995,26095088,26734268,27386193,28041592,28696068,29356742,30008354,30637585,31258945,31887809,32518665,33149152,33787914,34427414
Gibraltar,GIB,"Population, total",SP.POP.TOTL,28675.0,28740.0,28765.0,28733.0,28643.0,28512.0,28328.0,28096.0,27839.0,27544.0,27200,26898,26878,27070,27239,27377,27487,27582,27650,27692,27709,27657,27831,28274,28715,29163,29594,30006,30413,30823,31248,31660,32029,32407,32813,33193,33658,34245,34854,35494,36173,36858,37609,38471,39329
Guinea,GIN,"Population, total",SP.POP.TOTL,5047419.0,5143288.0,5247672.0,5359814.0,5480096.0,5610373.0,5750668.0,5900198.0,6056574.0,6215811.0,6434374,6697166,6914366,7128177,7345107,7553249,7770035,7931370,8081990,8265123,8428832,8539960,8674066,8870781,9062726,9245844,9441171,9662281,9898870,10143534,10396086,10656810,10921581,11191873,11472924,11767070,12073030,12385659,12704774,13034346,13371183,13710513,14055137,14405468,14754785
"Gambia, The",GMB,"Population, total",SP.POP.TOTL,713913.0,739125.0,765753.0,794525.0,825631.0,858874.0,894019.0,931091.0,970160.0,1011357.0,1054696,1099959,1145582,1188365,1227226,1264313,1301410,1338889,1376987,1415779,1455084,1495011,1535691,1577611,1621312,1667037,1715275,1765774,1817852,1871422,1926630,1983784,2043094,2103820,2164528,2224529,2283769,2342189,2399632,2456844,2515733,2576010,2636470,2697845,2759988
Guinea-Bissau,GNB,"Population, total",SP.POP.TOTL,829303.0,842432.0,855891.0,869592.0,883519.0,897697.0,912126.0,926862.0,942061.0,957789.0,973669,994639,1024356,1058745,1092031,1119949,1143535,1165545,1187473,1210206,1234741,1261273,1289307,1318806,1349563,1381585,1415303,1450986,1488054,1526377,1566347,1608076,1651417,1695973,1741122,1786457,1831893,1877072,1922168,1967696,2013255,2058841,2105529,2153339,2201352
Equatorial Guinea,GNQ,"Population, total",SP.POP.TOTL,288644.0,303252.0,322216.0,343421.0,364899.0,385547.0,404728.0,422522.0,439651.0,456808.0,474274,492217,510770,530023,550138,571264,593492,616893,641474,667214,703279,749836,797957,847862,899917,947367,990343,1036044,1084530,1135673,1189085,1241835,1293483,1346218,1399828,1453923,1508186,1562396,1616422,1670177,1716468,1758786,1803545,1847549,1892516
Greece,GRC,"Population, total",SP.POP.TOTL,9642505.0,9729350.0,9789513.0,9846627.0,9895801.0,9934300.0,9967213.0,10000595.0,10036983.0,10089498.0,10196792,10319927,10399061,10460415,10512922,10562153,10608800,10661259,10720509,10761698,10805808,10862132,10902022,10928070,10955141,10987314,11020362,11048473,11077841,11107017,11121341,11104899,11045011,10965211,10892413,10820883,10775971,10754679,10732882,10721582,10698599,10569207,10436882,10405588,10388805
Grenada,GRD,"Population, total",SP.POP.TOTL,94538.0,94052.0,94383.0,94948.0,95498.0,96111.0,96790.0,97526.0,98308.0,99121.0,99957,100793,101602,102382,103138,103869,104584,105293,106009,106727,107451,107987,108404,108884,109323,109734,110135,110522,110896,111254,111586,112079,112775,113487,114132,114676,115130,115438,115691,115981,116341,116688,116913,117081,117207
Greenland,GRL,"Population, total",SP.POP.TOTL,50200.0,51000.0,51500.0,52100.0,52700.0,53200.0,53500.0,54100.0,54800.0,55300.0,55600,55500,55300,55200,55500,55800,55900,56000,56100,56100,56185,56379,56595,56751,56898,56935,56775,56555,56328,56323,56534,56890,56810,56483,56295,56114,56186,56172,56023,56225,56367,56653,56661,56865,56836
Guatemala,GTM,"Population, total",SP.POP.TOTL,6900212.0,7075648.0,7240241.0,7419642.0,7630682.0,7849693.0,8070818.0,8296485.0,8532099.0,8775546.0,9024773,9272584,9522266,9779761,10043718,10312996,10583526,10857754,11139145,11422965,11697592,11969422,12246915,12525842,12807402,13087629,13367459,13652040,13935174,14215611,14500112,14792126,15089647,15387337,15681725,15971743,16268760,16567357,16845685,17103803,17357325,17598650,17847877,18124838,18406359
Guam,GUM,"Population, total",SP.POP.TOTL,110141.0,112902.0,115711.0,118508.0,121302.0,124117.0,126965.0,129858.0,132799.0,135799.0,138610,141073,143393,145654,147868,150054,152169,154215,156237,158289,160065,161329,162315,163137,163810,164365,164839,165267,165693,166173,166522,166543,166331,165966,165486,164905,164233,163490,162679,161808,162158,163730,165180,166506,167777
Guyana,GUY,"Population, total",SP.POP.TOTL,774367.0,776453.0,776712.0,775891.0,774111.0,771477.0,768098.0,764120.0,759663.0,754865.0,749894,747861,749911,752965,755822,758388,760526,762245,763586,764483,764832,764477,763652,763101,762418,760914,758966,756861,754606,752094,749256,746153,746288,750021,754229,758781,763548,768479,791556,807665,807481,815482,821637,826353,831087
"Hong Kong SAR, China",HKG,"Population, total",SP.POP.TOTL,5063100.0,5183400.0,5264500.0,5345100.0,5397900.0,5456200.0,5524600.0,5580500.0,5627600.0,5686200.0,5704500,5752000,5800500,5901000,6035400,6156100,6435500,6489300,6543700,6606500,6665000,6714300,6744100,6730800,6783500,6813200,6857100,6916300,6957800,6972800,7024200,7071600,7150100,7178900,7229500,7291300,7336600,7393200,7452600,7507900,7481000,7413100,7346100,7536100,7524100
Honduras,HND,"Population, total",SP.POP.TOTL,3727173.0,3841778.0,3958728.0,4078174.0,4199850.0,4323342.0,4448899.0,4576910.0,4707677.0,4841838.0,4980488,5123792,5271431,5423249,5579242,5739637,5903954,6071454,6234431,6400463,6577773,6757993,6938859,7119213,7298994,7478355,7656832,7834798,8012587,8189899,8365878,8540583,8715076,8889278,9063122,9237305,9412380,9588137,9765210,9943633,10119640,10289877,10463872,10644851,10825703
Croatia,HRV,"Population, total",SP.POP.TOTL,4599782.0,4611509.0,4634234.0,4658254.0,4680285.0,4701417.0,4721446.0,4739745.0,4755207.0,4767260.0,4777368,4689022,4575818,4600463,4652024,4620030,4557097,4534920,4532135,4512597,4468302,4299642,4302174,4303399,4304600,4310145,4311159,4310217,4309705,4305181,4295427,4280622,4260368,4233922,4201598,4151725,4106867,4041407,3988775,3949390,3914206,3878981,3855641,3859686,3866300
Haiti,HTI,"Population, total",SP.POP.TOTL,5614493.0,5723725.0,5835937.0,5951096.0,6069230.0,6190862.0,6316122.0,6445123.0,6578145.0,6714730.0,6854441,6995450,7136571,7278181,7419771,7562546,7707557,7854298,8002143,8151296,8303151,8455918,8607641,8759912,8910263,9061273,9216562,9373296,9530774,9689581,9803294,9914904,10069771,10222362,10373235,10523242,10671457,10817754,10962362,11105163,11243848,11374586,11503606,11637398,11772557
Hungary,HUN,"Population, total",SP.POP.TOTL,10711122.0,10711848.0,10705535.0,10689463.0,10668095.0,10648713.0,10630564.0,10612741.0,10596487.0,10481719.0,10373988,10373400,10369341,10357523,10343355,10328965,10311238,10290486,10266570,10237530,10210971,10187576,10158608,10129552,10107146,10087065,10071370,10055780,10038188,10022650,10000023,9971727,9920362,9872734,9833038,9797755,9759755,9726756,9706964,9694824,9670419,9630932,9605074,9592186,9562314
Indonesia,IDN,"Population, total",SP.POP.TOTL,148950540.0,152485035.0,156052152.0,159651381.0,163251124.0,166776185.0,170175065.0,173511154.0,176855065.0,180201630.0,183501098,186778238,190043744,193305168,196591828,199888057,203204348,206536095,209826788,213004668,216077790,219097902,222088495,225048008,227926649,230871650,233951652,237062337,240157903,243220028,246305322,249470032,252698525,255852467,258877399,261799249,264627418,267346658,269951846,272489381,274814866,276758053,278830529,281190067,283487931
Isle of Man,IMN,"Population, total",SP.POP.TOTL,64076.0,64596.0,64686.0,64630.0,64528.0,64401.0,64695.0,65597.0,66680.0,67790.0,68916,69808,70353,70772,71168,71513,72047,72909,73861,74790,75659,76476,77275,78049,78792,79516,80294,81147,82029,82939,83873,84382,84335,84141,83892,83593,83466,83609,83805,83957,84064,84106,84132,84165,84160
India,IND,"Population, total",SP.POP.TOTL,687354025.0,703696250.0,720313473.0,737372681.0,754875449.0,772647793.0,790689978.0,808931270.0,827342990.0,846039529.0,864972221,883927600,902957070,922118387,941163767,960301044,979678458,999133762,1018665080,1038225823,1057922733,1077898575,1097600380,1116803006,1135991513,1154676322,1172878890,1190676021,1207930964,1225524753,1243481564,1261224954,1278674502,1295829511,1312277191,1328024498,1343944296,1359657400,1374659064,1389030312,1402617695,1414203896,1425423212,1438069596,1450935791
Ireland,IRL,"Population, total",SP.POP.TOTL,3412800.0,3453000.0,3485800.0,3510600.0,3532423.0,3538082.0,3539690.0,3540057.0,3524949.0,3511009.0,3513974,3534235,3558430,3576261,3590386,3608841,3637510,3674171,3712696,3754786,3805174,3866243,3931947,3996521,4070262,4159914,4273591,4398942,4489544,4535375,4560155,4580084,4599533,4623816,4657740,4701957,4762722,4827445,4898022,4976456,5039747,5110585,5212836,5307600,5380257
"Iran, Islamic Rep.",IRN,"Population, total",SP.POP.TOTL,39842324.0,41989312.0,44272141.0,46029535.0,47793998.0,49582289.0,51446045.0,53323493.0,55072694.0,56704914.0,58380092,59986931,61184983,61403543,61520598,62205567,62881300,63639638,64519859,65445391,66418659,67452005,68011317,68769340,70256316,71828455,73392747,74602648,75514204,76457825,77420842,78383598,79370580,80414686,81502045,82619362,83812228,85026754,86117998,87051648,87723443,88455488,89524246,90608707,91567738
Iraq,IRQ,"Population, total",SP.POP.TOTL,13591992.0,14006381.0,14406083.0,14840555.0,15310733.0,15683430.0,16074145.0,16521049.0,16908819.0,17364542.0,17581206,17767253,18300845,19201195,20139807,20825860,21501321,22176593,22884399,23636527,24424056,25197840,26006559,26802659,27577878,28407448,28616515,28391607,28971036,30058206,31045366,32161424,33654842,35281989,36550059,37560535,38469627,39337353,40265624,41192171,42116605,43071211,44070551,45074049,46042015
Iceland,ISL,"Population, total",SP.POP.TOTL,228138.0,230755.0,233860.0,236977.0,239511.0,241405.0,243180.0,245859.0,249740.0,252852.0,254826,257797,261057,263725,266021,267468,268916,271128,274047,277381,281205,284968,287523,289521,292074,296734,303782,311566,317414,318499,318041,319014,320716,323764,327386,330815,335439,343400,352721,360563,366463,372520,382003,393349,404610
Israel,ISR,"Population, total",SP.POP.TOTL,3878000.0,3956000.0,4031000.0,4105000.0,4159000.0,4233000.0,4299000.0,4369000.0,4442000.0,4518000.0,4660000,4949000,5123000,5261000,5399000,5545000,5692000,5836000,5971000,6125000,6289000,6439000,6570000,6689700,6809000,6930100,7053700,7180100,7308800,7485600,7623600,7765800,7910500,8059500,8215700,8380100,8546000,8713300,8882800,9054000,9215100,9371400,9557500,9849000,9974400
Italy,ITA,"Population, total",SP.POP.TOTL,56433883.0,56501675.0,56543548.0,56564074.0,56576718.0,56593071.0,56596155.0,56601931.0,56629288.0,56671781.0,56719240,56758521,56797087,56831821,56843400,56844303,56860281,56890372,56906744,56916317,56942108,56976981,57089824,57399184,57828179,58166682,58399861,58756247,59211181,59555454,59819407,60026841,60191247,60311613,60320707,60229605,60115223,60002252,60148658,59729081,59438851,59133173,59013667,58993475,58986023
Jamaica,JAM,"Population, total",SP.POP.TOTL,2145658.0,2173818.0,2203889.0,2234832.0,2264562.0,2290656.0,2312125.0,2329813.0,2345777.0,2361916.0,2379877,2400869,2424701,2449916,2475220,2500151,2524463,2547848,2569736,2589795,2607826,2624403,2640572,2656623,2672225,2687066,2700968,2713800,2725635,2736995,2748568,2760494,2772430,2783687,2793749,2802534,2809915,2815764,2820097,2823271,2830739,2837682,2839144,2839786,2839175
Jordan,JOR,"Population, total",SP.POP.TOTL,2234186.0,2325517.0,2426927.0,2537307.0,2654688.0,2778810.0,2909887.0,3047634.0,3193039.0,3349627.0,3621908,3915149,4127693,4348020,4561406,4752096,4912516,5046285,5164284,5276444,5386945,5498894,5616066,5741828,5882061,6029587,6427371,6827227,6989866,7141753,7297043,7480424,7587127,7991809,8791710,9544729,10006367,10234226,10462306,10671891,10865228,11066356,11256263,11439213,11552876
Japan,JPN,"Population, total",SP.POP.TOTL,116807000.0,117661000.0,118480000.0,119307000.0,120083000.0,120837000.0,121482000.0,122069000.0,122578000.0,123069000.0,123478000,123964000,124425000,124829000,125178000,125472000,125757000,126057000,126400000,126631000,126843000,127149000,127445000,127718000,127761000,127773000,127854000,128001000,128063000,128047000,128070000,127833000,127629000,127445000,127276000,127141000,127076000,126972000,126811000,126633000,126261000,125681593,125124989,124516650,123975371
Kazakhstan,KAZ,"Population, total",SP.POP.TOTL,15152949.0,15323082.0,15492595.0,15665551.0,15844621.0,16031090.0,16262702.0,16527715.0,16781168.0,16997013.0,17154054,17278600,17332625,17274487,17043771,16730536,16416027,16043251,15647785,15455874,15501103,15575550,15656677,15747380,15850159,15968117,16103716,16257214,16426525,16619846,16836810,17066002,17306106,17556502,17816285,18084169,18363600,18651931,18932727,19209555,19482117,19743603,20034609,20330104,20592571
Kenya,KEN,"Population, total",SP.POP.TOTL,16018459.0,16601507.0,17206175.0,17846374.0,18514906.0,19201768.0,19901646.0,20616096.0,21356219.0,22118434.0,22892651,23646514,24382460,25117188,25857130,26601751,27344211,28101768,28888057,29733408,30642890,31619170,32629808,33652223,34713455,35796484,36904008,38036349,39206351,40408891,41598567,42758461,43888303,44986791,46051440,47088526,48139687,49197766,50207107,51202827,52217334,53219166,54252461,55339003,56432944
Kyrgyz Republic,KGZ,"Population, total",SP.POP.TOTL,3617400.0,3685800.0,3759300.0,3838300.0,3916400.0,3990300.0,4066500.0,4144600.0,4218400.0,4307500.0,4391236,4463634,4515400,4516777,4515069,4560454,4628438,4696421,4769015,4840422,4898362,4945073,4990704,5043308,5104713,5162640,5218373,5268385,5318729,5389643,5467059,5546587,5652076,5777150,5905848,6040036,6175338,6306696,6444079,6590211,6726596,6851224,6975220,7099750,7224614
Cambodia,KHM,"Population, total",SP.POP.TOTL,5199872.0,5284495.0,5436432.0,5636203.0,5845117.0,6043783.0,6285693.0,6557970.0,6812014.0,7073473.0,7374752,7686850,8113083,8616381,9239162,10018497,10801270,11570982,12058173,12265731,12462336,12658484,12855241,13050968,13244731,13439202,13639028,13841770,14053479,14276810,14500726,14722584,14945085,15170208,15396772,15623251,15852803,16073372,16274522,16481304,16725474,16974305,17201724,17423880,17638801
Kiribati,KIR,"Population, total",SP.POP.TOTL,61148.0,62121.0,63134.0,64169.0,65228.0,66496.0,68059.0,69733.0,71427.0,73147.0,74855,76367,77641,78841,80021,81234,82623,84147,85657,87126,88613,90335,92264,94175,96085,98035,100017,102068,104222,106467,108704,110647,112284,113838,115326,116815,118478,120275,122084,123921,126099,128377,130469,132530,134518
St. Kitts and Nevis,KNA,"Population, total",SP.POP.TOTL,42850.0,42698.0,42532.0,42334.0,42113.0,41874.0,41618.0,41348.0,41062.0,40758.0,40432,40358,40715,41242,41776,42326,42877,43428,43998,44601,45248,45761,46020,46176,46315,46437,46569,46706,46835,46916,46846,46886,47033,47069,47089,47087,47075,47050,47008,46952,46870,46763,46709,46758,46843
"Korea, Rep.",KOR,"Population, total",SP.POP.TOTL,38123775.0,38723248.0,39326352.0,39910403.0,40405956.0,40805744.0,41213674.0,41621690.0,42031247.0,42449038.0,42869283,43295704,43747962,44194628,44641540,45092991,45524681,45953580,46286503,46616677,47008111,47370164,47644736,47892330,48082519,48184561,48438292,48683638,49054708,49307835,49554112,49936638,50199853,50428893,50746659,51014947,51217803,51361911,51585058,51764822,51836239,51769539,51672569,51712619,51751065
Kuwait,KWT,"Population, total",SP.POP.TOTL,1504782.0,1583426.0,1662480.0,1744295.0,1820688.0,1894242.0,1972520.0,2052994.0,2134707.0,2217468.0,1684819,1351399,1634961,1672151,1664361,1681513,1730246,1787683,1844302,1900030,1954709,2008121,2059974,2109881,2157320,2236788,2364733,2507887,2651421,2795484,2943372,3132814,3337109,3507844,3665876,3834574,4004096,4154812,4323515,4442316,4400267,4360865,4589643,4853420,4973861
Lao PDR,LAO,"Population, total",SP.POP.TOTL,3292573.0,3366631.0,3450026.0,3541001.0,3637843.0,3739985.0,3846715.0,3957612.0,4072601.0,4190974.0,4311955,4435118,4559646,4685060,4809220,4929409,5045678,5152011,5248266,5340784,5431212,5521482,5610889,5697945,5781626,5869523,5963200,6056236,6148969,6241642,6334194,6426590,6518978,6611385,6703172,6801645,6908802,7018147,7128045,7237636,7346533,7453194,7559007,7664993,7769819
Lebanon,LBN,"Population, total",SP.POP.TOTL,2944763.0,3008981.0,3054931.0,3094996.0,3152744.0,3217376.0,3300365.0,3385555.0,3454649.0,3525285.0,3595175,3668912,3747371,3820647,3889799,3960735,4034781,4108405,4181281,4255277,4329340,4401918,4463504,4525508,4599279,4671102,4751136,4844118,4925354,4992287,5041288,5096020,5235742,5743436,6346990,6472469,6323060,6160128,5984119,5794594,5702398,5718122,5744489,5773493,5805962
Liberia,LBR,"Population, total",SP.POP.TOTL,1929253.0,1986867.0,2045073.0,2107113.0,2173312.0,2240539.0,2308511.0,2377229.0,2446941.0,2517858.0,2223667,1956518,2072461,2155126,2149928,2169162,2232289,2412989,2670124,2821684,2928117,3015338,3094782,3119532,3156892,3301015,3490787,3669050,3821003,3943028,4058890,4221178,4373043,4470239,4564293,4659431,4755608,4848925,4944726,5043721,5149463,5259323,5373294,5493031,5612817
Libya,LBY,"Population, total",SP.POP.TOTL,3424378.0,3621486.0,3724765.0,3718961.0,3773633.0,3898745.0,4017403.0,4129739.0,4237755.0,4342920.0,4445239,4544400,4640352,4733045,4822037,4906843,4987393,5064639,5140704,5218038,5305021,5403639,5508410,5619398,5736693,5858798,5980211,6104380,6235430,6366686,6497839,6343203,6179328,6304628,6427252,6531819,6632126,6738770,6849055,6951033,7045399,7135175,7223805,7305659,7381023
St. Lucia,LCA,"Population, total",SP.POP.TOTL,119290.0,121166.0,123087.0,125044.0,127067.0,129159.0,131239.0,133227.0,135000.0,136512.0,137857,139520,141617,143726,145890,148208,150436,152569,154677,156702,158616,160237,161641,162976,164239,165450,166639,167758,168808,169869,170906,171801,172587,173369,174138,174905,175646,176342,177017,177661,178250,178522,178781,179285,179744
Liechtenstein,LIE,"Population, total",SP.POP.TOTL,25512.0,25673.0,26255.0,26446.0,26596.0,26878.0,27238.0,27557.0,27948.0,28317.0,28742,29209,29627,30089,30470,30776,31033,31232,31668,32221,32645,33194,33694,34079,34447,34753,35037,35262,35473,35742,36022,36312,36657,36984,37248,37494,37716,37962,38246,38563,38901,39182,39493,39850,40197
Sri Lanka,LKA,"Population, total",SP.POP.TOTL,14847974.0,15099414.0,15286567.0,15388794.0,15441860.0,15544154.0,15731256.0,15916576.0,16078621.0,16248557.0,16352458,16475354,16739284,17025918,17275773,17564068,17905018,18248200,18596003,18944731,19293054,19600362,19805752,19951521,20087605,20216524,20352411,20492545,20629378,20756435,20879089,21009048,21169458,20585000,20778000,20970000,21209000,21453000,21670000,21803000,21919000,22156000,22181000,22037000,21916000
Lesotho,LSO,"Population, total",SP.POP.TOTL,1406521.0,1448069.0,1490732.0,1534413.0,1578986.0,1624379.0,1666138.0,1703390.0,1739841.0,1775436.0,1809696,1842379,1873274,1901793,1927707,1951437,1972418,1988130,1998049,2003234,2003913,2000853,1994679,1985059,1971129,1953076,1945063,1953268,1966541,1980883,1996251,2014009,2034354,2056504,2080089,2104611,2130422,2157110,2183603,2209405,2235727,2261542,2286110,2311472,2337423
Lithuania,LTU,"Population, total",SP.POP.TOTL,3413202.0,3432947.0,3457179.0,3485192.0,3514205.0,3544543.0,3578914.0,3616367.0,3655049.0,3684255.0,3697838,3704134,3700114,3682613,3657144,3629102,3601613,3575137,3549331,3524238,3499536,3470818,3443067,3415213,3377075,3322528,3269909,3231294,3198231,3162916,3097282,3028115,2989139,2961250,2937253,2911109,2877325,2842639,2819200,2811089,2810369,2808380,2831639,2871585,2888055
Luxembourg,LUX,"Population, total",SP.POP.TOTL,364150.0,365225.0,365525.0,365622.0,365998.0,366706.0,368355.0,370750.0,373450.0,377100.0,381850,387000,392175,397475,402925,408625,414225,419450,424700,430475,436300,441525,446175,451630,458095,465158,472637,479993,488650,497783,506953,518347,530946,543360,556319,569604,582014,596336,607950,620001,630419,640064,653103,666430,677717
Latvia,LVA,"Population, total",SP.POP.TOTL,2511701.0,2519421.0,2531080.0,2546011.0,2562047.0,2578873.0,2599892.0,2626583.0,2653434.0,2666955.0,2663151,2650581,2614338,2563290,2520742,2485056,2457222,2432851,2410019,2390482,2367550,2337170,2310173,2287955,2263122,2238799,2218357,2200325,2177322,2141669,2097555,2059709,2034319,2012647,1993782,1977527,1959537,1942248,1927174,1913822,1900449,1884490,1879383,1877445,1862441
"Macao SAR, China",MAC,"Population, total",SP.POP.TOTL,239650.0,244800.0,254650.0,269300.0,282850.0,289700.0,296050.0,306850.0,316000.0,325100.0,334950,351650,370900,384000,396800,409300,415100,417300,422300,427400,430600,433900,438400,443600,454700,473500,498900,520900,540700,535000,537000,549600,567900,591900,621700,642900,652500,648400,658900,672000,685400,682500,677300,678800,687000
St. Martin (French part),MAF,"Population, total",SP.POP.TOTL,8288.0,8498.0,9494.0,11485.0,13733.0,16095.0,18558.0,21108.0,23749.0,26453.0,28224,28800,29081,29282,29413,29470,29443,29323,29107,29284,29996,30803,31604,32395,33171,33928,34658,35337,35958,36502,36856,37069,37276,37419,37450,37369,37175,36837,36012,34267,31786,29961,28870,27515,26129
Morocco,MAR,"Population, total",SP.POP.TOTL,19459943.0,19985401.0,20520318.0,21060696.0,21593778.0,22113953.0,22600803.0,23054392.0,23500524.0,23939414.0,24375551,24799014,25212468,25614586,26000822,26399429,26808107,27213337,27621648,28027179,28423435,28814643,29198142,29571415,29953018,30358144,30771178,31186468,31606767,32030778,32467016,32912588,33355241,33787571,34204780,34607588,35023457,35446392,35839760,36210898,36584208,36954442,37329064,37712505,38081173
Monaco,MCO,"Population, total",SP.POP.TOTL,27122.0,27293.0,27561.0,27960.0,28356.0,28731.0,29093.0,29446.0,29781.0,30084.0,30358,30625,30887,31136,31375,31609,31837,32063,32267,32410,32455,32447,32422,32374,32307,32210,32057,31837,31836,32364,33163,33946,34711,35447,36128,36757,37276,37678,38154,38109,38050,38527,38931,38956,38631
Moldova,MDA,"Population, total",SP.POP.TOTL,2708675.0,2735987.0,2763101.0,2791207.0,2820518.0,2850787.0,2883057.0,2916306.0,2948891.0,2970039.0,2977912,2981566,2980965,2975966,2966745,2953200,2947293,2936413,2935227,2930622,2924668,2918135,2911385,2903198,2896023,2888985,2880967,2874299,2868833,2865213,2862354,2860699,2860324,2859558,2857815,2835978,2803186,2755189,2707203,2664224,2635130,2595809,2528654,2457783,2389275
Madagascar,MDG,"Population, total",SP.POP.TOTL,9006032.0,9279011.0,9557671.0,9843044.0,10134550.0,10433142.0,10736857.0,11047291.0,11369462.0,11704998.0,12055639,12421412,12800870,13197345,13613850,14051275,14510711,14990814,15489364,16000506,16516338,17032939,17549913,18071854,18606608,19159707,19730909,20318583,20923840,21547280,22183340,22822300,23462438,24109290,24764348,25426702,26099952,26788375,27494926,28219554,28953556,29691083,30437261,31195932,31964956
Maldives,MDV,"Population, total",SP.POP.TOTL,164835.0,169532.0,174333.0,179128.0,184198.0,190169.0,196935.0,203944.0,210885.0,217738.0,224762,231802,238543,244884,250822,256649,262347,267707,272723,277412,282019,286767,291616,296491,301413,306429,313851,324479,336170,348275,360792,373674,386818,400070,413617,428154,443308,458287,473099,487731,502118,516154,524106,525994,527799
Mexico,MEX,"Population, total",SP.POP.TOTL,67300334.0,68892108.0,70433260.0,71971240.0,73506846.0,75043414.0,76585637.0,78136651.0,79695531.0,81247182.0,82820170,84430572,86044809,87653807,89259205,90862455,92452702,94021207,95575245,97115707,98625552,100099099,101548624,102978515,104394131,105811504,107253666,108774360,110374288,111999721,113623895,115243504,116818208,118343573,119784261,121072306,122251351,123400057,124573711,125762982,126799054,127648148,128613117,129739759,130861007
Marshall Islands,MHL,"Population, total",SP.POP.TOTL,30774.0,32017.0,33397.0,34811.0,36264.0,37761.0,39286.0,40828.0,42321.0,43586.0,44629,45568,46388,47093,47712,48266,48775,49259,49717,50202,50706,51123,51425,51639,51791,51906,51992,52035,52030,52019,52044,51907,51419,50681,49796,48800,47709,46529,45285,44007,42706,41367,40077,38827,37548
North Macedonia,MKD,"Population, total",SP.POP.TOTL,1933038.0,1959065.0,1978956.0,1991901.0,2003399.0,2014331.0,2024732.0,2035157.0,2045737.0,2055649.0,2063689,2055994,2032523,2006854,1992666,1998534,2012553,1996869,2007523,2017142,2026350,2034882,2020157,2022725,2016186,2005330,1994287,1982933,1971493,1958782,1946298,1937398,1929821,1922716,1917557,1912430,1906313,1898657,1889051,1876262,1856124,1837114,1831712,1827816,1792179
Mali,MLI,"Population, total",SP.POP.TOTL,7530515.0,7692766.0,7860194.0,8034400.0,8208599.0,8374663.0,8531277.0,8681164.0,8833996.0,8999938.0,9178830,9362888,9553540,9754786,9967031,10185365,10407278,10646495,10919573,11227415,11559290,11912158,12288050,12684955,13102409,13538647,13990139,14457775,14940782,15435539,15945198,16469049,16957033,17459615,18020267,18593022,19191289,19813011,20442030,21068405,21713836,22388630,23072640,23769127,24478595
Malta,MLT,"Population, total",SP.POP.TOTL,316645.0,318982.0,325898.0,330524.0,330593.0,336452.0,342121.0,344485.0,347325.0,350722.0,354170,363845,367618,371308,374797,377419,379905,382791,385287,387578,390087,393028,395969,398582,401268,403834,405308,406724,409379,412477,414508,416268,420028,424810,433481,444220,454505,467106,483903,503912,515490,518150,531113,552747,574346
Myanmar,MMR,"Population, total",SP.POP.TOTL,33227204.0,33858783.0,34482965.0,35162715.0,35899313.0,36622827.0,37314878.0,37971594.0,38600927.0,39214618.0,39817251,40394154,40950342,41502429,42055143,42605338,43154860,43708798,44257793,44787724,45290841,45771139,46232653,46667192,47068772,47438365,47785135,48125043,48390793,48660459,49024382,49419820,49837446,50262658,50681634,51089056,51495696,51894938,52272247,52640713,53016522,53387102,53756787,54133798,54500091
Montenegro,MNE,"Population, total",SP.POP.TOTL,572608.0,579445.0,587001.0,594506.0,600884.0,605398.0,607711.0,608144.0,607413.0,606571.0,606372,607105,608516,610170,611389,611712,611003,609520,607662,606001,604950,607389,609828,612267,613353,614261,615025,615875,616969,618294,619428,620345,621418,622587,623744,624651,625353,625982,626438,626753,626590,625053,623591,623529,623831
Mongolia,MNG,"Population, total",SP.POP.TOTL,1701335.0,1742857.0,1785364.0,1829092.0,1874349.0,1921514.0,1970965.0,2022800.0,2076322.0,2124185.0,2098710,2165342,2167790,2165130,2189395,2224945,2259507,2291750,2323809,2356813,2388299,2417751,2449027,2480374,2508412,2536407,2567168,2601850,2643201,2691115,2738622,2786317,2839705,2899011,2963113,3026864,3088856,3148917,3208189,3267673,3327204,3383741,3433748,3481145,3524788
Northern Mariana Islands,MNP,"Population, total",SP.POP.TOTL,17625.0,19826.0,22350.0,24936.0,27575.0,30258.0,32980.0,35736.0,38519.0,41303.0,43342,44393,45181,45952,46730,48176,51706,56596,61337,65916,68356,67984,66778,65421,63938,62354,60682,58941,57150,55325,54091,53608,53234,52758,52178,51514,50773,49959,49077,48129,47528,46979,46078,45143,44278
Mozambique,MOZ,"Population, total",SP.POP.TOTL,11336221.0,11568127.0,11824370.0,12073822.0,12315954.0,12548949.0,12770578.0,12822574.0,12800558.0,12906842.0,13094537,13352090,13613316,14051192,15033853,15960530,16492480,16949982,17340464,17734506,18129653,18537729,18958338,19392475,19840313,20304569,20787087,21287635,21819036,22391745,22999235,23649039,24337846,25051611,25788475,26547572,27337105,28166393,29018644,29884380,30783688,31707800,32656246,33635160,34631766
Mauritania,MRT,"Population, total",SP.POP.TOTL,1474043.0,1516877.0,1561176.0,1606746.0,1653693.0,1702107.0,1751835.0,1803014.0,1855859.0,1903048.0,1951878,2009738,2088135,2174328,2249454,2312017,2358188,2411306,2474651,2541698,2613441,2678760,2738655,2802046,2868664,2939059,3013660,3093059,3183269,3284448,3390965,3502811,3619034,3734318,3848514,3965959,4086657,4210600,4337685,4467708,4600131,4734874,4875637,5022441,5169395
Mauritius,MUS,"Population, total",SP.POP.TOTL,966039.0,980462.0,992521.0,1001691.0,1012221.0,1020528.0,1028360.0,1036082.0,1043239.0,1051260.0,1058775,1070266,1084441,1097374,1112846,1122457,1133996,1148284,1160421,1175267,1186873,1196287,1204621,1213370,1221003,1228254,1233996,1239630,1244121,1247429,1250400,1252404,1255882,1258927,1261208,1262879,1263747,1264887,1265577,1265985,1266014,1266334,1262523,1261041,1259509
Malawi,MWI,"Population, total",SP.POP.TOTL,6265529.0,6516454.0,6778879.0,7051709.0,7332810.0,7620508.0,7906480.0,8293174.0,8753262.0,9176220.0,9545852,9844227,10135079,10284024,10164894,10150117,10352228,10562035,10792876,11047804,11315942,11593058,11880440,12181574,12500737,12840031,13198701,13576343,13976417,14395788,14826463,15265022,15709577,16161816,16621538,17085587,17557739,18039715,18528081,19025752,19533888,20047258,20568728,21104482,21655286
Malaysia,MYS,"Population, total",SP.POP.TOTL,12983363.0,13399203.0,13832798.0,14285907.0,14759009.0,15252258.0,15760419.0,16276737.0,16796605.0,17314997.0,17833171,18342464,18834572,19322664,19820446,20330599,20850087,21375218,21906713,22435531,22967816,23526538,24102477,24679602,25256772,25836071,26417909,26998389,27570059,28124778,28655776,29162039,29662831,30174265,30696137,31232798,31789685,32355644,32910967,33440596,33889558,34282399,34695493,35126298,35557673
Namibia,NAM,"Population, total",SP.POP.TOTL,981434.0,992500.0,1010308.0,1037511.0,1065989.0,1096890.0,1131081.0,1167889.0,1209696.0,1288947.0,1369303,1415684,1461322,1508697,1556304,1602170,1646103,1689264,1732745,1776368,1818647,1857048,1889970,1917464,1942082,1966582,1991888,2018600,2047056,2077394,2109811,2146325,2194654,2252508,2312139,2374300,2439213,2506853,2577327,2650494,2728762,2810548,2889662,2963095,3030131
New Caledonia,NCL,"Population, total",SP.POP.TOTL,149817.0,151441.0,153001.0,155003.0,157583.0,160234.0,162898.0,165650.0,168502.0,172029.0,176456,181238,186072,190857,195614,200379,205034,209560,214047,218527,223098,227707,232236,236678,240852,244381,247547,250725,253825,257250,261582,266543,271633,276822,281224,283168,283423,283546,283541,283606,284176,285214,287123,289870,292639
Niger,NER,"Population, total",SP.POP.TOTL,6135971.0,6322006.0,6512732.0,6708644.0,6909971.0,7118457.0,7335811.0,7561150.0,7793748.0,8034780.0,8286059,8546900,8817633,9100789,9398258,9714529,10044852,10383969,10741413,11117411,11509630,11920647,12349144,12796984,13265836,13756192,14268581,14803610,15361915,15943675,16548835,17176283,17836769,18519898,19215909,19939498,20685753,21435446,22188069,22947757,23717613,24502140,25311973,26159867,27032412
Nigeria,NGA,"Population, total",SP.POP.TOTL,73764641.0,76068103.0,78378701.0,80438260.0,82526443.0,84897973.0,87235953.0,89591716.0,92020090.0,94531014.0,97120925,99720162,102372770,105122069,107935714,110819428,113754779,116754792,119846254,123047320,126382494,129862595,133471989,137202644,141057045,145017253,149077334,153267261,157595014,162049464,166642886,171379598,176200625,181049443,185896915,190671878,195443700,200254579,204938755,209485641,213996181,218529286,223150896,227882945,232679478
Nicaragua,NIC,"Population, total",SP.POP.TOTL,3252403.0,3345674.0,3438745.0,3530282.0,3619104.0,3706479.0,3794157.0,3882164.0,3972320.0,4066476.0,4162559,4259637,4357026,4453732,4549316,4642931,4729974,4809573,4883655,4954018,5022633,5087825,5149909,5210963,5272912,5342105,5418855,5497243,5576593,5656601,5737450,5819051,5901287,5983845,6066492,6149417,6232666,6316231,6400080,6483657,6565267,6644741,6730654,6823613,6916140
Netherlands,NLD,"Population, total",SP.POP.TOTL,14149800.0,14247208.0,14312690.0,14367070.0,14424211.0,14491632.0,14572278.0,14665037.0,14760094.0,14848907.0,14951510,15069798,15184166,15290368,15382838,15459006,15530498,15610650,15707209,15812088,15925513,16046180,16148929,16225302,16281779,16319868,16346101,16381696,16445593,16530388,16615394,16693074,16754962,16804432,16865008,16939923,17030314,17131296,17231624,17344874,17441500,17533044,17700982,17877117,17994237
Norway,NOR,"Population, total",SP.POP.TOTL,4085620.0,4099702.0,4114787.0,4128432.0,4140099.0,4152516.0,4167354.0,4186905.0,4209488.0,4226901.0,4241473,4261732,4286401,4311991,4336613,4359184,4381336,4405157,4431464,4461913,4490967,4513751,4538159,4564855,4591910,4623291,4660677,4709153,4768212,4828726,4889252,4953088,5018573,5079623,5137232,5188607,5234519,5276968,5311916,5347896,5379475,5408320,5457127,5519594,5572272
Nepal,NPL,"Population, total",SP.POP.TOTL,15553105.0,15922423.0,16297987.0,16689119.0,17085242.0,17477692.0,17868124.0,18250505.0,18638661.0,19057807.0,19524573,20036500,20609707,21180159,21717479,22245439,22741862,23219463,23680357,24125199,24546509,24946748,25328981,25688758,26016656,26309458,26565425,26788492,26990037,27173035,27341952,27464494,27534915,27589996,27672370,27823629,27955462,28011258,28079689,28414064,28966574,29475010,29715436,29694614,29651054
Nauru,NRU,"Population, total",SP.POP.TOTL,7649.0,7839.0,8040.0,8216.0,8377.0,8551.0,8742.0,8946.0,9165.0,9390.0,9622,9850,10021,10102,10137,10165,10183,10197,10198,10187,10168,10130,10082,10059,10060,10049,10034,10020,10009,10016,10043,10098,10267,10517,10742,10954,11150,11324,11477,11587,11643,11709,11801,11875,11947
New Zealand,NZL,"Population, total",SP.POP.TOTL,3112900.0,3124900.0,3156100.0,3199300.0,3227100.0,3247100.0,3246300.0,3274400.0,3283400.0,3299200.0,3329800,3495100,3531700,3572200,3620000,3673400,3732000,3781300,3815000,3835100,3857700,3880500,3948500,4027200,4087500,4133900,4184600,4223800,4259800,4302600,4350700,4384000,4408100,4442100,4516500,4609400,4714100,4813600,4900600,4979200,5090200,5111300,5117100,5245000,5338500
Oman,OMN,"Population, total",SP.POP.TOTL,1001248.0,1057320.0,1117678.0,1181459.0,1247716.0,1325480.0,1413419.0,1500996.0,1588568.0,1676228.0,1763954,1851473,1938238,2021675,2081834,2120528,2156926,2190720,2222489,2252909,2282131,2310217,2337140,2363796,2404821,2459802,2514795,2570174,2626529,2684659,2757446,3076763,3547106,3833913,4002439,4184895,4390877,4537396,4597877,4591241,4522497,4500424,4730226,5049269,5281538
Pakistan,PAK,"Population, total",SP.POP.TOTL,82291010.0,85802049.0,89089246.0,92227711.0,95164936.0,98229285.0,101606764.0,105130717.0,108724739.0,112336629.0,116155576,120060406,123546848,127020117,130748083,134582253,138557092,142531804,146522356,150565377,154879127,159270907,163222549,167110248,171286000,175453212,179682690,184493231,189499113,194376534,199239047,203746065,207667125,211073978,214264647,217290883,220138869,223273967,226928892,230800899,235001746,239477801,243700667,247504495,251269164
Panama,PAN,"Population, total",SP.POP.TOTL,1957534.0,2004418.0,2052271.0,2101106.0,2150782.0,2200915.0,2251325.0,2301970.0,2352848.0,2403820.0,2455583,2508265,2561336,2615099,2669546,2724557,2780227,2836695,2893914,2951822,3010369,3069537,3129344,3189807,3251155,3313026,3375024,3437490,3500648,3564381,3628535,3693505,3759256,3825329,3892101,3960035,4029086,4098707,4167860,4234700,4293261,4345405,4400773,4458759,4515577
Peru,PER,"Population, total",SP.POP.TOTL,17360949.0,17798805.0,18246503.0,18705957.0,19174716.0,19648204.0,20117122.0,20582320.0,21054702.0,21532589.0,22014771,22483775,22946340,23413783,23881493,24348919,24811171,25274147,25738095,26186504,26598331,26964601,27288217,27580490,27852190,28101180,28324491,28530699,28719041,28896811,29086019,29304086,29550366,29817919,30115826,30457600,30866494,31324637,31897584,32449303,32838579,33155882,33475438,33845617,34217848
Philippines,PHL,"Population, total",SP.POP.TOTL,48043740.0,49311727.0,50695707.0,52194620.0,53726181.0,55213006.0,56645077.0,58157496.0,59739052.0,61265260.0,62854666,64382249,65926125,67530621,69019291,70546246,72190242,73908810,75791024,77753257,79625397,81401488,83068889,84731835,86394504,88015962,89508986,91075184,92699095,94384250,96337125,98248614,100175512,102076336,103767130,105312992,106735719,108119693,109465287,110804683,112081264,113100950,113964338,114891199,115843670
Palau,PLW,"Population, total",SP.POP.TOTL,12271.0,12402.0,12694.0,13006.0,13337.0,13688.0,14024.0,14334.0,14645.0,14945.0,15259,15614,15989,16372,16770,17195,17654,18108,18524,18901,19178,19352,19503,19659,19820,19819,19593,19302,19009,18709,18396,18078,17765,17648,17715,17770,17797,17812,17814,17798,17792,17783,17759,17727,17695
Papua New Guinea,PNG,"Population, total",SP.POP.TOTL,3131512.0,3197019.0,3264291.0,3333633.0,3405198.0,3478936.0,3554793.0,3632543.0,3711880.0,3796078.0,3896481,4021837,4166699,4320872,4480208,4644278,4813361,4987883,5166390,5349333,5537064,5728435,5924003,6123997,6328041,6535905,6747720,6963345,7183002,7406438,7633523,7859346,8081390,8302698,8523441,8743246,8961718,9178714,9394513,9609010,9815746,10012896,10203169,10389635,10576502
Poland,POL,"Population, total",SP.POP.TOTL,35574150.0,35898587.0,36230481.0,36571808.0,36904134.0,37201885.0,37456119.0,37668045.0,37824487.0,37961529.0,38110782,38246193,38363667,38461408,38542652,38594998,38624370,38649660,38663481,38660271,38258629,38248076,38230364,38204570,38182222,38165445,38141267,38120560,38125759,38151603,38042794,38063255,38063164,38040196,38011735,37986412,37970087,37974826,37974750,37965475,37515748,36981559,36821749,36687353,36554707
Puerto Rico (US),PRI,"Population, total",SP.POP.TOTL,3206000.0,3242552.0,3277453.0,3311138.0,3344190.0,3377000.0,3409554.0,3441850.0,3473898.0,3505650.0,3537000,3562110,3585176,3615497,3649237,3683103,3724655,3759430,3781101,3800081,3810605,3818774,3823701,3826095,3826878,3821362,3805214,3782995,3760866,3740410,3724465,3693464,3661045,3631427,3585017,3535167,3480432,3410837,3290690,3302691,3281590,3262711,3220137,3203792,3203295
"Korea, Dem. People's Rep.",PRK,"Population, total",SP.POP.TOTL,18236786.0,18501295.0,18776357.0,19054034.0,19335043.0,19620388.0,19910855.0,20205483.0,20503161.0,20804367.0,21112137,21428638,21750911,22073352,22393975,22669304,22895746,23110830,23311564,23497599,23665910,23815358,23943973,24090380,24254943,24396433,24524507,24646383,24764618,24878332,24987258,25097874,25211728,25329451,25451262,25575350,25698326,25817709,25931147,26037632,26136312,26232534,26328845,26418204,26498823
Portugal,PRT,"Population, total",SP.POP.TOTL,9766312.0,9851362.0,9911771.0,9957865.0,9996232.0,10023613.0,10032734.0,10030031.0,10019610.0,10005000.0,9983218,9960235,9952494,9964675,9991525,10026176,10063945,10108977,10160196,10217828,10289898,10362722,10419631,10458821,10483861,10503330,10522288,10542964,10558177,10568247,10573100,10557560,10514844,10457295,10401062,10358076,10325452,10300300,10283822,10286263,10297081,10361831,10434332,10578174,10701636
Paraguay,PRY,"Population, total",SP.POP.TOTL,3053235.0,3137604.0,3226189.0,3318068.0,3412936.0,3510671.0,3611474.0,3714889.0,3820546.0,3927802.0,4035747,4144364,4253600,4362696,4471417,4579806,4687543,4794412,4900025,5003135,5100868,5187689,5261328,5326436,5388175,5448097,5505148,5559386,5613574,5671236,5737971,5814626,5897008,5982445,6069811,6159103,6249126,6338660,6427382,6515058,6603739,6684182,6760464,6844146,6929153
West Bank and Gaza,PSE,"Population, total",SP.POP.TOTL,,,,,,,,,,,1978248,2068845,2163591,2262676,2366298,2474666,2587997,2706518,2776568,2848431,2922153,2997784,3075373,3154969,3236626,3320396,3406334,3494496,3591977,3689099,3786161,3882986,3979998,4076708,4173398,4270092,4367088,4454805,4569087,4685306,4803269,4922749,5043612,5165775,5289152
French Polynesia,PYF,"Population, total",SP.POP.TOTL,156471.0,161506.0,166646.0,171750.0,176469.0,180988.0,185669.0,190449.0,195193.0,199643.0,203776,207744,211559,215219,218738,222118,225489,229121,232891,236595,240337,244097,247775,251637,255654,259507,263223,266438,268379,269481,270580,271727,273084,274728,276387,277866,279178,280087,279815,279034,279209,279792,280378,281118,281807
Qatar,QAT,"Population, total",SP.POP.TOTL,275913.0,293553.0,311537.0,329709.0,347878.0,365940.0,382422.0,397005.0,411264.0,425646.0,440175,454853,469657,484545,499459,514325,529019,550500,580540,612500,644989,677925,711205,744682,773332,825408,972831,1208595,1426938,1608903,1616832,1624761,1722438,1916426,2151745,2344557,2477113,2545820,2580734,2638657,2794148,2504910,2657333,2656032,2857822
Romania,ROU,"Population, total",SP.POP.TOTL,22207282.0,22353070.0,22475741.0,22560478.0,22640547.0,22732999.0,22836841.0,22949430.0,23057662.0,23161458.0,23201835,23001155,22794284,22763280,22730211,22684270,22619004,22553978,22507344,22472040,22442971,22131970,21730496,21574326,21451748,21319685,21193760,20882982,20537875,20367487,20246871,20147528,20058035,19983693,19908979,19815616,19702267,19588715,19473970,19371648,19265250,19122059,19048502,19059479,19069340
Russian Federation,RUS,"Population, total",SP.POP.TOTL,139010000.0,139941000.0,140823000.0,141668000.0,142745000.0,143858000.0,144894000.0,145908000.0,146857000.0,147721000.0,147969406,148394216,148538197,148458777,148407912,148375787,148160129,147915361,147670784,147214776,146596869,145976482,145306497,144648618,144067316,143518814,143049637,142805114,142742366,142785348,142849468,143018195,143378447,143805638,144237223,144640716,145015460,145293260,145398106,145453291,145245148,144746762,144236933,143826130,143533851
Rwanda,RWA,"Population, total",SP.POP.TOTL,5353259.0,5527230.0,5711549.0,5905311.0,6107627.0,6317228.0,6531881.0,6749493.0,6968071.0,7184706.0,7375307,7526966,7683266,7981132,6792352,5674118,6708764,7755238,8081681,8147912,8213931,8287094,8400180,8586875,8816844,9054528,9299246,9549933,9804269,10060432,10317553,10573733,10829901,11093340,11364757,11640022,11919183,12202060,12487996,12776103,13065837,13355260,13651030,13954471,14256567
Saudi Arabia,SAU,"Population, total",SP.POP.TOTL,6047997.0,6420551.0,6824486.0,7252941.0,7697307.0,8151779.0,8628639.0,9130194.0,9629165.0,10128394.0,10640691,11160744,11686676,12215862,12750040,13289245,13831009,14374943,14922185,15472075,16177722,17041397,17910910,18786767,19669480,20559890,21459144,22368313,23287877,24217654,23978487,25091867,26168861,27624004,28309273,29816382,30954198,30977355,30196281,30063799,31552510,30784383,32175224,33702731,35300280
Sudan,SDN,"Population, total",SP.POP.TOTL,17058905.0,17780572.0,18486645.0,19109770.0,19546528.0,19905872.0,20288238.0,20704904.0,21138431.0,21578022.0,22021481,22470676,22927355,23445592,24043948,24672143,25231528,25799821,26458999,27130613,27816745,28516770,29228727,29896035,30556637,31262444,31992435,32764135,33623980,34569113,35414399,36140806,36923178,37785849,38823318,40024431,41259892,42714306,44230596,45548175,46789231,48066924,49383346,50042791,50448963
Senegal,SEN,"Population, total",SP.POP.TOTL,5845638.0,5997160.0,6156961.0,6324504.0,6499364.0,6683287.0,6878192.0,7081530.0,7289618.0,7502207.0,7720523,7943085,8168395,8396288,8624078,8848101,9067014,9283495,9502952,9730887,9968260,10212942,10466214,10721176,10975704,11235472,11500094,11770344,12048959,12337389,12635413,12958897,13310495,13710849,14152102,14593331,15034521,15475002,15914498,16352922,16789219,17220867,17651103,18077573,18501984
Singapore,SGP,"Population, total",SP.POP.TOTL,2413945.0,2532835.0,2646466.0,2681061.0,2732221.0,2735957.0,2733373.0,2774789.0,2846108.0,2930901.0,3047132,3135083,3230698,3313471,3419048,3524506,3670704,3796038,3927213,3958723,4027887,4138012,4175950,4114826,4166664,4265762,4401365,4588599,4839396,4987573,5076732,5183688,5312437,5399162,5469724,5535002,5607283,5612253,5638676,5703569,5685807,5453566,5637022,5917648,6036860
Solomon Islands,SLB,"Population, total",SP.POP.TOTL,238135.0,246555.0,255200.0,264068.0,273163.0,282455.0,291842.0,301414.0,311265.0,321282.0,331435,341738,352205,362839,373675,384733,396009,407474,419071,430500,440469,449125,457671,466154,474611,483080,491594,500156,508790,518141,532968,552945,573606,594945,616908,639415,662379,685672,709101,728147,744498,762591,781066,800005,819198
Sierra Leone,SLE,"Population, total",SP.POP.TOTL,3272089.0,3338940.0,3408183.0,3481646.0,3558758.0,3638438.0,3728380.0,3829718.0,3934517.0,4034037.0,4196828,4246267,4166366,4157130,4173105,4179179,4199210,4253716,4295785,4318043,4423611,4692716,4971435,5177687,5355717,5501712,5624466,5749352,5894722,6055646,6222714,6387251,6551080,6714051,6876385,7037655,7205328,7379299,7554563,7731991,7912558,8094602,8276807,8460512,8642022
El Salvador,SLV,"Population, total",SP.POP.TOTL,4540382.0,4570599.0,4622477.0,4707367.0,4798003.0,4894706.0,4992769.0,5092441.0,5195833.0,5298979.0,5399726,5495077,5585609,5659957,5714129,5762131,5805286,5844578,5880781,5913900,5943366,5968060,5986631,5998599,6004671,6005578,6002319,6009824,6029297,6048279,6068249,6090127,6113975,6138839,6162955,6183676,6200800,6213533,6219807,6222318,6234673,6255782,6280319,6309624,6338193
San Marino,SMR,"Population, total",SP.POP.TOTL,21585.0,21840.0,22055.0,22229.0,22346.0,22485.0,22636.0,22686.0,22843.0,23154.0,23475,23797,24125,24472,24823,25158,25482,25800,26125,26459,26799,27143,27491,27843,29457,29836,30184,31211,31662,33066,33270,32620,33469,33041,32655,32897,33101,33825,34522,34663,34770,34252,33755,33860,33977
Somalia,SOM,"Population, total",SP.POP.TOTL,5936154.0,5982849.0,6003840.0,6198430.0,6428389.0,6693289.0,6974788.0,7228302.0,7235360.0,7114817.0,7082811,6813760,6495107,6681399,7026797,7285007,7554474,7824525,8155417,8492059,8838713,9198493,9550063,9909157,10280998,10644228,10975502,11322582,11663084,11961201,12261756,12348830,12461160,12869594,13339491,13806963,14348740,14916629,15452487,16030971,16651191,17271431,17801897,18358615,19009151
Serbia,SRB,"Population, total",SP.POP.TOTL,7709544.0,7736787.0,7763335.0,7788100.0,7813549.0,7835902.0,7853824.0,7868027.0,7884218.0,7893787.0,7897937,7595636,7604063,7614328,7622711,7628264,7622185,7598538,7567745,7540401,7516346,7503433,7500031,7480591,7463157,7440769,7411569,7381579,7350222,7320807,7291436,7236519,7201497,7166553,7131787,7095383,7058322,7020858,6982604,6945235,6899126,6834326,6664449,6623183,6587202
South Sudan,SSD,"Population, total",SP.POP.TOTL,4339030.0,4447272.0,4557686.0,4661574.0,4750627.0,4834296.0,4921240.0,4962395.0,4848029.0,4713229.0,4737633,4836677,4909749,4956002,5071184,5225836,5356925,5509136,5620068,5771628,6032267,6308391,6596806,6903127,7233041,7590143,7976526,8388788,8817647,9243556,9745953,10288109,10756240,11166275,11235073,11107561,10830102,10259154,10122977,10423384,10698467,10865780,11021177,11483374,11943408
Sao Tome and Principe,STP,"Population, total",SP.POP.TOTL,98544.0,100615.0,102508.0,104380.0,106394.0,108658.0,111150.0,113919.0,116939.0,119979.0,122980,125697,128110,130467,132732,134895,136962,138922,140751,142442,144018,146375,149922,153814,157705,161639,165638,169700,173793,177853,181802,185649,189439,193148,196767,200291,203689,206970,210187,213392,217435,221961,226305,230871,235536
Suriname,SUR,"Population, total",SP.POP.TOTL,375377.0,375459.0,376555.0,378746.0,382193.0,386972.0,392330.0,396911.0,402227.0,408409.0,412493,415013,417589,419352,422375,429606,438830,448067,457406,466916,476643,486560,496551,506414,513923,519313,524997,531016,537245,543568,549923,556269,562633,569020,575373,581627,587757,593713,599513,605768,612317,617896,623164,628886,634431
Slovak Republic,SVK,"Population, total",SP.POP.TOTL,4979815.0,5016105.0,5055099.0,5091971.0,5127097.0,5161768.0,5193838.0,5222840.0,5250596.0,5275942.0,5299187,5303294,5305016,5325305,5346331,5361999,5373361,5383291,5390516,5396020,5388720,5378867,5376912,5373374,5372280,5372807,5373054,5374622,5379233,5386406,5391428,5398384,5407579,5413393,5418649,5423801,5430798,5439232,5446771,5454147,5458827,5447247,5431752,5426740,5422069
Slovenia,SVN,"Population, total",SP.POP.TOTL,1901315.0,1906531.0,1910334.0,1922321.0,1932154.0,1941641.0,1965964.0,1989776.0,1995196.0,1996351.0,1998161,1999429,1996498,1991746,1989443,1989872,1988628,1985956,1981629,1983045,1988925,1992060,1994530,1995733,1997012,2000474,2006868,2018122,2021316,2039669,2048583,2052843,2057159,2059953,2061980,2063531,2065042,2066388,2073894,2088385,2102419,2108079,2112076,2120461,2126324
Sweden,SWE,"Population, total",SP.POP.TOTL,8310531.0,8320503.0,8325263.0,8329033.0,8336605.0,8350386.0,8369829.0,8397804.0,8436489.0,8492964.0,8558835,8617375,8668067,8718561,8780745,8826939,8840998,8846062,8850974,8857874,8872109,8895960,8924958,8958229,8993531,9029572,9080505,9148092,9219637,9298515,9378126,9449213,9519374,9600379,9696110,9799186,9923085,10057698,10175214,10278887,10353442,10415811,10486941,10536632,10569709
Eswatini,SWZ,"Population, total",SP.POP.TOTL,596644.0,616808.0,637652.0,658957.0,680783.0,706196.0,734732.0,763811.0,799798.0,837800.0,872428,908189,943416,971318,971212,970433,989841,1006635,1019653,1030782,1041414,1051064,1059441,1066700,1073159,1079022,1084436,1090705,1098091,1105153,1111650,1117833,1123863,1129990,1136299,1142813,1149507,1158195,1168929,1179874,1192729,1206593,1218917,1230506,1242822
Sint Maarten (Dutch part),SXM,"Population, total",SP.POP.TOTL,12410.0,13302.0,14607.0,16133.0,17694.0,19291.0,20930.0,22617.0,24357.0,26169.0,28061,30046,31567,32026,31917,31772,31598,31404,31193,30977,30773,30726,30960,31327,31690,32057,32428,32791,33145,33491,33794,34267,35023,35854,36672,37471,38249,38996,39712,40385,41008,41571,42139,42749,43350
Seychelles,SYC,"Population, total",SP.POP.TOTL,63261.0,64035.0,64413.0,64335.0,64717.0,65244.0,65652.0,68499.0,68755.0,69167.0,69507,70439,70763,72253,74205,75304,76417,77319,78846,80410,81131,81202,83723,82781,82475,82858,84600,85033,86956,87298,89770,87441,88303,89949,91359,93419,94677,95843,96762,97625,98462,99258,119878,119773,121354
Syrian Arab Republic,SYR,"Population, total",SP.POP.TOTL,8957663.0,9260189.0,9572511.0,9904809.0,10258398.0,10625672.0,11002844.0,11388923.0,11782264.0,12179060.0,12579208,12980821,13385571,13795686,14208583,14616801,15018104,15417542,15820413,16228061,16637888,17051338,17468332,17889296,18336875,18814091,19637022,20884125,21636564,21976969,22482421,22878098,22759763,21666917,20273659,19424618,19193834,19224668,19577845,20353534,21049429,21628839,22462173,23594623,24672760
Turks and Caicos Islands,TCA,"Population, total",SP.POP.TOTL,7564.0,7908.0,8297.0,8697.0,9107.0,9521.0,9941.0,10361.0,10775.0,11193.0,11688,12305,12970,13648,14344,15052,15765,16482,17212,17959,18730,19576,20597,21727,22856,23988,25123,26270,27427,28588,29739,30846,32127,33653,35050,36605,38315,39913,41559,43166,44386,45243,45847,46198,46535
Chad,TCD,"Population, total",SP.POP.TOTL,4515453.0,4520959.0,4738483.0,4979130.0,5045145.0,5096269.0,5251069.0,5438309.0,5625602.0,5819586.0,5982833,6205676,6474656,6629146,6783450,7089064,7410108,7670366,7938840,8222705,8512093,8804124,9116192,9487833,9920036,10328092,10706424,11081660,11476296,11893754,12312575,12754997,13210998,13691079,14188678,14647621,15114655,15622759,16156531,16685223,17224679,17828273,18455316,19319064,20299123
Togo,TGO,"Population, total",SP.POP.TOTL,2920894.0,3013043.0,3115042.0,3222899.0,3332837.0,3441091.0,3547952.0,3657508.0,3769742.0,3883411.0,3998761,4115560,4233617,4207453,4222940,4410832,4577860,4725030,4860913,5000269,5140037,5277382,5413274,5552167,5696508,5844631,6010668,6188344,6368812,6551865,6732590,6916474,7100736,7285442,7472450,7663195,7858289,8057140,8258778,8463068,8669720,8878379,9089738,9304337,9515236
Thailand,THA,"Population, total",SP.POP.TOTL,45650022.0,46575855.0,47494577.0,48423309.0,49351708.0,50270753.0,51177834.0,52074105.0,52969595.0,53848956.0,54738329,55637434,56528834,57408198,58260854,59098232,59920064,60724584,61522630,62299043,63007815,63651141,64266437,64868166,65452047,66017420,66567687,67102394,67619830,68121080,68579447,69007208,69436098,69845114,70216367,70540795,70859841,71160187,71376079,71522271,71641484,71727332,71735329,71702435,71668011
Tajikistan,TJK,"Population, total",SP.POP.TOTL,3995256.0,4109022.0,4227171.0,4350874.0,4480026.0,4619003.0,4772139.0,4939059.0,5114989.0,5267249.0,5398768,5541205,5649400,5724993,5825368,5948584,6066523,6139829,6176397,6208370,6284735,6407377,6531669,6658575,6790547,6924720,7057566,7194477,7338403,7490230,7652141,7824785,8014084,8216724,8425552,8643840,8865631,9085946,9307333,9529966,9749310,9966908,10182222,10389799,10590927
Turkmenistan,TKM,"Population, total",SP.POP.TOTL,2832203.0,2907187.0,2985557.0,3067534.0,3154079.0,3247534.0,3347809.0,3452731.0,3559363.0,3662459.0,3760562,3855894,3944689,4032407,4116662,4191203,4263819,4336730,4410507,4492170,4582677,4675409,4769465,4863865,4958093,5052257,5147105,5244046,5345029,5451592,5564356,5683417,5808546,5939341,6075283,6215770,6360041,6507061,6655524,6803944,6949912,7092043,7230193,7364438,7494498
Timor-Leste,TLS,"Population, total",SP.POP.TOTL,649871.0,660493.0,669149.0,677707.0,686777.0,696665.0,707185.0,718476.0,730745.0,744856.0,760345,778278,799318,821437,844493,868146,892282,917184,942530,834697,745088,812249,879159,916878,929074,948311,976597,1004889,1032429,1058782,1084679,1110207,1134885,1158695,1181903,1205131,1228312,1251703,1275959,1300945,1326053,1350139,1369295,1384286,1400638
Tonga,TON,"Population, total",SP.POP.TOTL,97769.0,97909.0,97980.0,97998.0,97990.0,97984.0,98010.0,98376.0,98969.0,99403.0,99700,99895,100022,100103,100166,100225,100275,100674,101388,102046,102677,103288,103874,104464,105071,105671,106253,106726,107020,107203,107400,107570,107460,107078,106609,106095,105524,105356,105567,105669,105704,105490,105042,104597,104175
Trinidad and Tobago,TTO,"Population, total",SP.POP.TOTL,1121744.0,1135132.0,1147927.0,1160534.0,1172984.0,1187366.0,1203124.0,1217364.0,1230069.0,1241600.0,1252208,1262171,1271674,1280466,1288341,1295169,1300928,1305836,1310225,1314708,1319774,1325567,1332011,1338709,1345380,1294494,1297944,1303188,1308587,1310106,1317714,1328019,1335194,1340557,1345343,1349667,1353895,1356633,1359193,1363985,1366725,1367558,1365805,1367510,1368333
Tunisia,TUN,"Population, total",SP.POP.TOTL,6606195.0,6758284.0,6908642.0,7053800.0,7220044.0,7409903.0,7600301.0,7789987.0,7974440.0,8151660.0,8324509,8501827,8682512,8857910,9018448,9161258,9294432,9421270,9541667,9655963,9764935,9869677,9971515,10071632,10166163,10255472,10346410,10441702,10542635,10650681,10765980,10886035,11009647,11141361,11274288,11402264,11528674,11650498,11765514,11875081,11974057,12048622,12119334,12200431,12277109
Turkiye,TUR,"Population, total",SP.POP.TOTL,45408815.0,46321190.0,47322096.0,48447410.0,49574069.0,50687115.0,51777772.0,52843670.0,53909626.0,54976723.0,56015628,57009887,57990118,58999167,60033836,61024503,61951134,62852966,63734383,64591923,65425961,66245128,67048795,67831730,68592617,69329557,70045349,70158112,71051678,72039206,73142150,74223629,75175827,76147624,77181884,78218479,79277962,80312698,81407204,82579440,83384680,84147318,84979913,85325965,85518661
Tuvalu,TUV,"Population, total",SP.POP.TOTL,7366.0,7526.0,7664.0,7789.0,7902.0,8046.0,8217.0,8371.0,8518.0,8662.0,8798,8928,9038,9126,9207,9280,9342,9400,9451,9496,9544,9586,9623,9695,9816,9940,10056,10182,10321,10461,10614,10780,10934,11001,10984,10963,10930,10869,10751,10581,10399,10194,9992,9816,9646
Tanzania,TZA,"Population, total",SP.POP.TOTL,19189769.0,19784703.0,20398571.0,21079874.0,21779066.0,22501693.0,23258959.0,24030378.0,24769686.0,25438759.0,26110207,26780436,27457588,28332692,29442356,30383497,30945762,31578089,32420458,33300330,34260139,35198299,36121304,37089555,38109668,39182076,40294902,41435512,42570728,43633982,44758488,46029367,47374260,48824128,50351512,52020962,53824013,55652890,57437145,59174891,60972798,62830412,64711821,66617606,68560157
Uganda,UGA,"Population, total",SP.POP.TOTL,13275741.0,13556452.0,13873631.0,14221881.0,14607677.0,15023681.0,15467579.0,15954170.0,16470483.0,17010698.0,17569897,18155901,18785032,19445161,20108801,20665667,21231550,21856046,22515806,23257281,24000150,24745676,25532870,26352124,27154515,27963289,28794003,29653430,30539553,31451151,32390802,33354543,34337438,35337042,36395539,37531446,38799152,40177388,41565831,42999637,44457152,45910930,47312719,48656601,50015092
Ukraine,UKR,"Population, total",SP.POP.TOTL,49955152.0,50189281.0,50402724.0,50637029.0,50887599.0,51108770.0,51318745.0,51515732.0,51724853.0,51917817.0,52054092,52170961,52323671,52350126,52075998,51665539,51226109,50786885,50379731,49976446,49556660,49106855,48677281,48315136,47979507,47585556,47278694,47062798,46819175,46623731,46456003,46307853,46210056,46126770,45972380,45784896,45616832,45436041,45208907,44957458,44680014,44298640,41048766,37732836,37860221
Uruguay,URY,"Population, total",SP.POP.TOTL,2951953.0,2963246.0,2975492.0,2988778.0,3002488.0,3017037.0,3032845.0,3049896.0,3067961.0,3086255.0,3104403,3122354,3139702,3156345,3172834,3189440,3206324,3223345,3239280,3254015,3266206,3274251,3278867,3281186,3283148,3285771,3289506,3295153,3302177,3310091,3318580,3326825,3335401,3345337,3356334,3368017,3379283,3388438,3394534,3397206,3398968,3396695,3390913,3388081,3386588
United States,USA,"Population, total",SP.POP.TOTL,227225000.0,229466000.0,231664000.0,233792000.0,235825000.0,237924000.0,240133000.0,242289000.0,244499000.0,246819000.0,249623000,252981000,256514000,259919000,263126000,266278000,269394000,272657000,275854000,279040000,282162411,284968955,287625193,290107933,292805298,295516599,298379912,301231207,304093966,306771529,309378227,311839461,314339099,316726282,319257560,321815121,324353340,326608609,328529577,330226227,331577720,332099760,334017321,336806231,340110988
Uzbekistan,UZB,"Population, total",SP.POP.TOTL,15619936.0,16035032.0,16462736.0,16908400.0,17378846.0,17875339.0,18395621.0,18930070.0,19460630.0,19977183.0,20464956,20962910,21485090,21987955,22463291,22917589,23351981,23758960,24134929,24476008,24787054,25090283,25399980,25711259,26029350,26356975,26699043,27076008,27494774,27939328,28385506,28823196,29261903,29724065,30222994,30749346,31284568,31819178,32373490,32964701,33586372,34243696,34938955,35652307,36361859
St. Vincent and the Grenadines,VCT,"Population, total",SP.POP.TOTL,104213.0,105073.0,105969.0,106838.0,107687.0,108506.0,109281.0,110001.0,110658.0,111272.0,111812,112222,112509,112735,112918,113047,113119,113141,113180,113366,113545,113501,113347,113141,112835,112450,112014,111531,111028,110508,109959,109349,108736,108135,107535,106960,106349,105663,104926,104167,103526,102841,102046,101323,100616
"Venezuela, RB",VEN,"Population, total",SP.POP.TOTL,15258218.0,15687297.0,16121874.0,16562205.0,17008841.0,17461434.0,17923536.0,18394963.0,18871020.0,19348921.0,19827010,20304896,20780948,21254520,21725188,22193821,22662113,23131685,23601337,24066593,24526708,24979922,25435671,25892703,26340838,26785804,27224686,27649363,28053696,28438298,28813101,29185212,29553826,29912198,30254079,30573972,30765720,30565323,29807592,28938098,28444077,28237826,28213017,28300854,28405543
British Virgin Islands,VGB,"Population, total",SP.POP.TOTL,11130.0,11479.0,11921.0,12370.0,12820.0,13269.0,13726.0,14194.0,14680.0,15180.0,15704,16187,16593,16989,17406,17840,18287,18756,19238,19730,20241,20796,21430,22134,22881,23665,24493,25366,26288,27218,27675,28710,30345,31703,32962,34498,33878,32699,34657,36395,37135,37809,38319,38985,39471
Virgin Islands (U.S.),VIR,"Population, total",SP.POP.TOTL,99636.0,99853.0,100068.0,100348.0,100600.0,100760.0,100842.0,100901.0,100952.0,101041.0,103963,104807,105712,106578,107318,107818,108095,108357,108537,108599,108642,108549,108509,108505,108466,108453,108369,108337,108397,108404,108357,108290,108188,108041,107882,107712,107516,107281,107001,106669,106290,105870,105413,104917,104377
Viet Nam,VNM,"Population, total",SP.POP.TOTL,52490101.0,53738141.0,55011289.0,56337921.0,57706067.0,59060622.0,60347048.0,61584651.0,62843228.0,64147348.0,65504552,66891775,68260337,69586384,70854391,72049940,73156447,74226889,75299660,76287452,77154011,77969361,78772224,79563777,80338971,81088313,82167897,83633375,85175788,86460018,87455152,88468314,89510356,90573104,91679578,92823254,94000117,95176977,96237319,97173776,98079191,98935098,99680655,100352192,100987686
Vanuatu,VUT,"Population, total",SP.POP.TOTL,115660.0,118249.0,121035.0,123998.0,127109.0,130356.0,133720.0,137187.0,140756.0,144393.0,148063,151793,155608,159463,163314,167137,170911,174626,178313,182048,186281,191031,195863,200746,205711,210760,215923,221276,226896,232731,238248,243474,248883,254482,260240,266101,272087,278507,285259,291985,298858,305868,313046,320409,327777
Samoa,WSM,"Population, total",SP.POP.TOTL,164322.0,165678.0,166484.0,166714.0,166796.0,166849.0,167061.0,167661.0,168346.0,168768.0,169042,169368,170331,171774,173159,174571,176071,177547,178905,180275,181685,183166,184471,185430,186249,186978,187709,188753,190107,191513,193023,194713,196498,198268,200037,201782,203499,205415,207582,209780,211944,213779,215261,216663,218019
Kosovo,XKX,"Population, total",SP.POP.TOTL,1604818.0,1646565.0,1683166.0,1719245.0,1756818.0,1796018.0,1836972.0,1880590.0,1917882.0,1946339.0,1973790,2005362,2039723,2072664,2105256,2137514,2168753,2197284,2078964,1871524,1802493,1820009,1829462,1826434,1822773,1818354,1813079,1807094,1800858,1794681,1788743,1791949,1807126,1818119,1812788,1788274,1777568,1791019,1797086,1788891,1790151,1786079,1768096,1682668,1527324
"Yemen, Rep.",YEM,"Population, total",SP.POP.TOTL,9543358.0,9882362.0,10241006.0,10621499.0,11025597.0,11453825.0,11901040.0,12369912.0,12859708.0,13364174.0,13887862,14430201,14989494,15563914,16149147,16740058,17313177,17873936,18446013,19029420,19624141,20226147,20835086,21456379,22095167,22790085,23543083,24318082,25111941,25927724,26754387,27582897,28433647,29312952,30226309,31159379,32109010,33090921,34085182,35111408,36134863,37140230,38222876,39390799,40583164
South Africa,ZAF,"Population, total",SP.POP.TOTL,29518857.0,30541044.0,31615339.0,32739304.0,33892788.0,35042093.0,36180515.0,37326190.0,38480649.0,39628575.0,40746268,41687898,42443509,43297156,44004139,44541554,45123018,45666838,46223880,46730335,47159719,47566800,48019415,48500348,48991421,49490033,49998277,50528584,51114599,51728516,52344051,52995205,53782567,54678791,55594838,56723537,57259551,57635162,58613001,59587885,60562381,61502603,62378410,63212384,64007187
Zambia,ZMB,"Population, total",SP.POP.TOTL,5802833.0,5983289.0,6178637.0,6381038.0,6580490.0,6780953.0,6986471.0,7191282.0,7391440.0,7589216.0,7786169,7981650,8176680,8373921,8576269,8785763,9004053,9237063,9482408,9740005,10017631,10325185,10647949,10983595,11338198,11718819,12129553,12565085,13021324,13490389,13965594,14437796,14913629,15398997,15895315,16399089,16914423,17441320,17973569,18513839,19059395,19603607,20152938,20723965,21314956
Zimbabwe,ZWE,"Population, total",SP.POP.TOTL,7041303.0,7498635.0,7796496.0,8098404.0,8391488.0,8686813.0,8982578.0,9284644.0,9583094.0,9864798.0,10137281,10404816,10702700,10860288,10873148,10974599,11158360,11369827,11594297,11783458,11892055,11971901,12087653,12232323,12365896,12483432,12636445,12804058,12959149,13142790,13356548,13595424,13817887,14013808,14207359,14399013,14600294,14812482,15034452,15271368,15526888,15797210,16069056,16340822,16634373
